element_id,cx_mm,cy_mm,sigma_x_MPa,sigma_y_MPa,tau_xy_MPa,von_mises_MPa
0,1.25,-13.75,-96.48818825862108,-15.424707877503728,-10.362382277805517,91.55177151990424
1,3.75,-13.75,-89.58458802875089,-0.4685074884214657,-1.4705620723416057,89.38755237523249
2,6.25,-13.75,-87.69600552526884,-0.3208711983728527,-0.25871839157247223,87.53715797675257
3,8.75,-13.75,-86.9464868831695,0.04005904927798554,-0.12591420105939477,86.96679678367647
4,11.25,-13.75,-86.41467145703325,0.04109685597245516,-0.2047343062722291,86.43595462360463
5,13.75,-13.75,-85.8211261293404,0.038537994250418706,-0.2976412614748085,85.8419496534887
6,16.25,-13.75,-85.12739411586071,0.02605630125376024,-0.36873320656482633,85.14282063360841
7,18.75,-13.75,-84.34963325831198,0.016419677599657234,-0.41577045093680454,84.36091802134985
8,21.25,-13.75,-83.51413923113029,0.009586465716338921,-0.4443938370891658,83.52247964767831
9,23.75,-13.75,-82.64275837232903,0.005285376704279088,-0.46072015862549165,82.64925363623036
10,26.25,-13.75,-81.75064290332949,0.0027481209194206713,-0.4695029655115661,81.75606144143488
11,28.75,-13.75,-80.84726649181056,0.0013422790802337659,-0.4739551452196338,80.85210523562819
12,31.25,-13.75,-79.93813373908029,0.000607368740588754,-0.4760651967251306,79.94269004852286
13,33.75,-13.75,-79.02624808441217,0.0002466498165176745,-0.4769821694264351,79.03068969798592
14,36.25,-13.75,-78.11315176446487,8.245170883469655e-05,-0.47733074037512324,78.11756814606485
15,38.75,-13.75,-77.19958596235438,1.5188851165248707e-05,-0.4774306249524898,77.20402233910563
16,41.25,-13.75,-76.28587871813113,-7.698032050029724e-06,-0.47743491076255395,76.2903567748138
17,43.75,-13.75,-75.3721585628764,-1.225340517407858e-05,-0.4774110146769033,75.37668821786174
18,46.25,-13.75,-74.45846517952003,-1.0466650735452276e-05,-0.47738513139915995,74.46305088599445
19,48.75,-13.75,-73.54480309242098,-7.330531985871858e-06,-0.4773651873179574,73.54944700911548
20,51.25,-13.75,-72.6311657214153,-4.599711616037894e-06,-0.47735193772041384,72.63586920101275
21,53.75,-13.75,-71.71754499127621,-2.6698746182773903e-06,-0.4773439148801799,71.72230921922483
22,56.25,-13.75,-70.80393443174671,-1.4519754358843784e-06,-0.4773393895123377,70.80876066482067
23,58.75,-13.75,-69.89032965319677,-7.419010330522724e-07,-0.47733699265597807,69.8952192856885
24,61.25,-13.75,-68.97672795872359,-3.541970841069997e-07,-0.4773358014248288,68.98168252414817
25,63.75,-13.75,-68.06312780890289,-1.552954813632823e-07,-0.4773352512783049,68.06814896401615
26,66.25,-13.75,-67.1495283792218,-5.988840712234378e-08,-0.47733502109917936,67.1546178881061
27,68.75,-13.75,-66.23592925500293,-1.7791762729757465e-08,-0.47733493945867167,66.24108897828133
28,71.25,-13.75,-65.32233024194204,-1.3895942174713127e-09,-0.4773349204410806,65.32756213134991
29,73.75,-13.75,-64.40873125702592,3.6121150515100453e-09,-0.47733492395605026,64.41403735414606
30,76.25,-13.75,-63.49513226964859,4.122568952880101e-09,-0.47733493297488394,63.50051470749389
31,78.75,-13.75,-62.581533271754324,3.2297293728333898e-09,-0.4773349412861876,62.58699427823909
32,81.25,-13.75,-61.66793426370009,2.1651658244081773e-09,-0.47733494731352266,61.673476166349964
33,83.75,-13.75,-60.75433524813889,1.3224621397966985e-09,-0.47733495117324765,60.75996047966482
34,86.25,-13.75,-59.84073622771325,7.483436093025375e-10,-0.47733495344942867,59.84644733225932
35,88.75,-13.75,-58.9271372043911,3.9824499253882095e-10,-0.47733495470976095,58.932936844395975
36,91.25,-13.75,-58.013538179455736,2.028741619142238e-10,-0.47733495536027704,58.01942914308761
37,93.75,-13.75,-57.0999391536825,9.401901479577646e-11,-0.47733495567882755,57.10592436288332
38,96.25,-13.75,-56.186340127498624,4.0529357647756115e-11,-0.47733495581718444,56.1924226467001
39,98.75,-13.75,-55.27274110112603,1.4779288903810084e-11,-0.47733495587471,55.27892414666935
40,101.25,-13.75,-54.359142074679994,5.9685589803848416e-12,-0.477334955891763,54.36542902503316
41,103.75,-13.75,-53.44554304820781,3.410605131648481e-12,-0.4773349558957989,53.451937455048125
42,106.25,-13.75,-52.5319440217354,2.2737367544323206e-13,-0.47733495589420727,52.538449621996925
43,108.75,-13.75,-51.61834499526071,-1.8758328224066645e-12,-0.4773349558913651,51.624965724250195
44,111.25,-13.75,-50.704745968792395,-3.410605131648481e-12,-0.4773349558851123,50.71148597448043
45,113.75,-13.75,-49.79114694232749,-2.7853275241795927e-12,-0.47733495588499864,49.798010600953106
46,116.25,-13.75,-48.87754791586667,-8.697043085703626e-12,-0.47733495588045116,48.884539848992475
47,118.75,-13.75,-47.963948889404264,-4.718003765447065e-12,-0.47733495588761343,47.97107398261472
48,121.25,-13.75,-47.05034986293981,8.640199666842818e-12,-0.47733495588477126,47.05761328632993
49,123.75,-13.75,-46.13675083648036,4.035882739117369e-12,-0.4773349558818154,46.144158067170075
50,126.25,-13.75,-45.22315181002409,-2.2737367544323206e-13,-0.4773349558811333,45.230708656982074
51,128.75,-13.75,-44.30955278356669,1.1368683772161603e-12,-0.47733495588045116,44.317265414960445
52,131.25,-13.75,-43.39595375710974,-4.320099833421409e-12,-0.4773349558817017,43.403828730531814
53,133.75,-13.75,-42.48235473064824,-5.4569682106375694e-12,-0.4773349558835207,42.49039902661217
54,136.25,-13.75,-41.56875570419061,2.7284841053187847e-12,-0.47733495588124697,41.57697676328945
55,138.75,-13.75,-40.65515667772274,7.503331289626658e-12,-0.4773349558886366,40.66356244195568
56,141.25,-13.75,-39.74155765125329,-2.6147972675971687e-12,-0.47733495588556707,39.750156610108036
57,143.75,-13.75,-38.8279586247877,6.252776074688882e-12,-0.4773349558860218,38.83675986676541
58,146.25,-13.75,-37.91435959831756,1.0913936421275139e-11,-0.4773349558957989,37.92337286860583
59,148.75,-13.75,-37.00076057184583,3.524291969370097e-12,-0.4773349558889777,37.009996337145616
60,151.25,-13.75,-36.08716154537569,3.524291969370097e-12,-0.47733495588988717,36.096631066936325
61,153.75,-13.75,-35.17356251891397,-7.958078640513122e-13,-0.47733495588158803,35.18327793501113
62,156.25,-13.75,-34.25996349247771,-9.208633855450898e-12,-0.4773349558644213,34.26993791190553
63,158.75,-13.75,-33.3463644660967,-2.6943780540023e-11,-0.4773349558258815,33.356612074445124
64,161.25,-13.75,-32.432765439852574,-6.74162947689183e-11,-0.4773349557210622,32.44330162073781
65,163.75,-13.75,-31.519166413900393,-1.36196831590496e-10,-0.477334955492438,31.530007887757634
66,166.25,-13.75,-30.605567388526424,-2.6773250283440575e-10,-0.47733495504280654,30.61673237207647
67,168.75,-13.75,-29.69196836422043,-4.896492100670002e-10,-0.4773349542155074,29.703476754462194
68,171.25,-13.75,-28.77836934177958,-8.431015885435045e-10,-0.4773349527316668,28.790242929140312
69,173.75,-13.75,-27.864770322358254,-1.327066456724424e-09,-0.4773349503229838,27.877033038779405
70,176.25,-13.75,-26.951171307357072,-1.8518448996474035e-09,-0.4773349467556045,26.963849516394728
71,178.75,-13.75,-26.037572297767838,-2.0745574147440493e-09,-0.47733494225190043,26.05069513561499
72,181.25,-13.75,-25.12397329232863,-1.0398935046396218e-09,-0.4773349384463472,25.137573070960944
73,183.75,-13.75,-24.210374282887642,3.5699940781341866e-09,-0.47733494050282843,24.22448696959778
74,186.25,-13.75,-23.296775244234595,1.667149263084866e-08,-0.47733496136436315,23.311441035783183
75,188.75,-13.75,-22.383176113364243,4.8079186854010914e-08,-0.47733503009988,22.39844012852069
76,191.25,-13.75,-21.469576749713724,1.1628515039774356e-07,-0.4773352068126542,21.485489871246354
77,193.75,-13.75,-20.55597686376541,2.538017724873498e-07,-0.47733560774963735,20.57259677065779
78,196.25,-13.75,-19.642375897184593,5.139638687978731e-07,-0.4773364443309447,19.659768341082493
79,198.75,-13.75,-18.72877283819753,9.761500905369758e-07,-0.47733807611916745,18.747013234743267
80,201.25,-13.75,-17.815165972299383,1.741317078085558e-06,-0.47734106678660737,17.834341398676667
81,203.75,-13.75,-16.901552625606655,2.897184231187566e-06,-0.4773462002796123,16.921764337912155
82,206.25,-13.75,-15.987929109830475,4.406773200571479e-06,-0.47735434288119905,16.009295711622176
83,208.75,-13.75,-15.074291427226399,5.826422352583904e-06,-0.4773658835679271,15.096952819114112
84,211.25,-13.75,-14.160638031080907,5.67099425552442e-06,-0.4773791835208385,14.184760216753794
85,213.75,-13.75,-13.24697739080193,9.813516044232529e-08,-0.47738690376706927,13.27275804270072
86,216.25,-13.75,-12.333345801120231,-1.9645127849798882e-05,-0.47736810328410684,12.361020074344191
87,218.75,-13.75,-11.419845550391528,-7.188348286035762e-05,-0.47727241285440414,11.449690754335164
88,221.25,-13.75,-10.50672111437143,-0.00019250421382821514,-0.47699024973451287,10.5390571266681
89,223.75,-13.75,-9.594502098635076,-0.00044769128066945996,-0.4763000528539578,9.629681228745554
90,226.25,-13.75,-8.68425545788432,-0.0009524215527108026,-0.4747807368122494,8.722629932364265
91,228.75,-13.75,-7.778001157127619,-0.0018934658939997462,-0.4716775420564545,7.819847653031254
92,231.25,-13.75,-6.879339962738868,-0.00355066409315441,-0.46571841152706384,6.9247083419640925
93,233.75,-13.75,-5.994279276913858,-0.006288789290806562,-0.4549108251458165,6.042727729733605
94,236.25,-13.75,-5.132026546430097,-0.010478603085857685,-0.43644583598359077,5.182227774656569
95,238.75,-13.75,-4.304845994481184,-0.015947473972687476,-0.4071468409412091,4.3543779795670705
96,241.25,-13.75,-3.524201048047871,-0.020841033697593048,-0.36604312293093244,3.5705660736755633
97,243.75,-13.75,-2.78356539759352,-0.008672401382455064,-0.32647210545701455,2.836181137330279
98,246.25,-13.75,-2.0006641520267294,0.07289200737568535,-0.372702871813658,2.1378786242545047
99,248.75,-13.75,-0.8231002088259629,0.7916580109949791,-0.9986909018081178,2.224405715325673
100,1.25,-11.25,-71.82677049331821,-14.828396403734343,-5.393699558847274,66.34128773941944
101,3.75,-11.25,-75.1354334536392,-5.500916183309265,-4.390484164050511,72.9390757473749
102,6.25,-11.25,-73.7060463620315,-1.034153436405191,-1.8431941576263924,73.2640394506811
103,8.75,-11.25,-72.45123251107373,-0.1583602926884602,-1.10205252917644,72.39735030580239
104,11.25,-11.25,-71.45235656045875,0.10332633693051463,-0.9693248794162344,71.52378357447854
105,13.75,-11.25,-70.62014972578392,0.1274219913406469,-1.0270771854647123,70.70632932345984
106,16.25,-11.25,-69.85450045603245,0.10144067717119754,-1.1158274872579454,69.93198713712131
107,18.75,-11.25,-69.11172909703012,0.06821572082355942,-1.1895259181349331,69.17655075466908
108,21.25,-11.25,-68.37366535471746,0.04184920569817052,-1.2401376311626962,68.42832069409094
109,23.75,-11.25,-67.63438463382823,0.023934786738649905,-1.2714763544999812,67.68219358592927
110,26.25,-11.25,-66.89262966444585,0.012878081143853137,-1.2894921165398756,66.9363420552563
111,28.75,-11.25,-66.1487145657961,0.006518977942320703,-1.2992137768205225,66.1902377434093
112,31.25,-11.25,-65.40328423831133,0.0030816881865263213,-1.3041453132178162,65.44381969427293
113,33.75,-11.25,-64.65690592286143,0.0013337997810367597,-1.3064810998305916,64.69715915908812
114,36.25,-11.25,-63.909979394695824,0.0005033511458805151,-1.3074945140680825,63.950342152001994
115,38.75,-11.25,-63.16275586391117,0.00014148474744501982,-1.307878519937475,63.20343585264464
116,41.25,-11.25,-62.41538117296483,3.3499897824640357e-06,-1.3079876322596533,62.45648493948267
117,43.75,-11.25,-61.667934637697726,-3.6654265272773046e-05,-1.3079914031055466,61.70951649964259
118,46.25,-11.25,-60.92045678932908,-3.8787003774132245e-05,-1.3079643631201066,60.96254591817508
119,48.75,-11.25,-60.17296698352624,-2.9646821218420882e-05,-1.307935382111367,60.215581509735166
120,51.25,-11.25,-59.42547371108867,-1.9607005157240565e-05,-1.3079131322289186,59.46862761924539
121,53.75,-11.25,-58.67798024988076,-1.1834555294853999e-05,-1.307898380833791,58.72168650763956
122,56.25,-11.25,-57.930487576525366,-6.6576919834915316e-06,-1.3078894614857006,57.97475941908735
123,58.75,-11.25,-57.18299576992479,-3.51734351511368e-06,-1.3078844364719657,57.22784714794456
124,61.25,-11.25,-56.43550463467227,-1.7433447965231608e-06,-1.3078817780082659,56.480950321496124
125,63.75,-11.25,-55.68801394669447,-8.024126429972966e-07,-1.3078804583848296,55.73406953132658
126,66.25,-11.25,-54.94052353008874,-3.3405683552700793e-07,-1.3078798498683568,54.987205389181696
127,68.75,-11.25,-54.193033266807674,-1.1734903182514245e-07,-1.307879595835118,54.240358547943146
128,71.25,-11.25,-53.44554308486113,-2.6432815047883196e-08,-1.3078795061210826,53.49352970809297
129,73.75,-11.25,-52.69805294340631,5.9812919062096626e-09,-1.3078794855301226,52.7467196192073
130,76.25,-11.25,-51.95056282068845,1.367101276628091e-08,-1.3078794897098192,51.999929080483604
131,78.75,-11.25,-51.20307270583578,1.2415057426551357e-08,-1.3078794998624517,51.25315894179865
132,81.25,-11.25,-50.45558259378765,8.941071882873075e-09,-1.3078795091560096,50.50641010565951
133,83.75,-11.25,-49.70809248240516,5.7121951613225974e-09,-1.3078795158701269,49.759683530016396
134,86.25,-11.25,-48.96060237091706,3.3601281757000834e-09,-1.3078795201663524,49.012980231826084
135,88.75,-11.25,-48.2131122591295,1.848718511610059e-09,-1.3078795227000342,48.26630129125547
136,91.25,-11.25,-47.46562214706182,9.541167855786625e-10,-1.3078795240943464,47.51964785645585
137,93.75,-11.25,-46.718132034790415,4.623643690138124e-10,-1.3078795248165989,46.773021148906075
138,96.25,-11.25,-45.97064192239145,2.0793322619283572e-10,-1.307879525164367,46.026422469309146
139,98.75,-11.25,-45.22315180991404,8.094502845779061e-11,-1.3078795253219937,45.279853204095765
140,101.25,-11.25,-44.475661697394344,2.3817392502678558e-11,-1.3078795253821909,44.53331483261572
141,103.75,-11.25,-43.7281715848535,5.684341886080801e-13,-1.307879525403905,43.786808935035744
142,106.25,-11.25,-42.980681472300375,-5.229594535194337e-12,-1.3078795254070883,43.040337201072866
143,108.75,-11.25,-42.233191359744524,-5.7411853049416095e-12,-1.3078795254048146,42.29390143965766
144,111.25,-11.25,-41.48570124718708,-6.707523425575346e-12,-1.3078795253974818,41.547503589619474
145,113.75,-11.25,-40.73821113462918,-5.172751116333529e-12,-1.3078795253945827,40.801145731563146
146,116.25,-11.25,-39.99072102206674,3.979039320256561e-13,-1.3078795253932753,40.05483010104543
147,118.75,-11.25,-39.2432309095077,3.922195901395753e-12,-1.3078795253929343,39.30855910327826
148,121.25,-11.25,-38.49574079695208,8.185452315956354e-12,-1.3078795253969133,38.56233532950634
149,123.75,-11.25,-37.74825068439213,5.059064278611913e-12,-1.30787952539157,37.816161575320116
150,126.25,-11.25,-37.00076057183696,4.661160346586257e-12,-1.3078795253885005,37.07004086123144
151,128.75,-11.25,-36.253270459279975,5.4001247917767614e-12,-1.3078795253869657,36.32397645567838
152,131.25,-11.25,-35.505780346721394,9.15179043659009e-12,-1.3078795253907174,35.57797190100584
153,133.75,-11.25,-34.75829023416463,1.028865881380625e-11,-1.30787952539157,34.83203104272844
154,136.25,-11.25,-34.010800121605826,2.2168933355715126e-12,-1.307879525394469,34.08615806263206
155,138.75,-11.25,-33.26331000904588,-7.332801033044234e-12,-1.307879525402143,33.34035751632766
156,141.25,-11.25,-32.515819896482526,-4.035882739117369e-12,-1.3078795254025408,32.59463437591008
157,143.75,-11.25,-31.768329783923036,-6.821210263296962e-12,-1.3078795253969702,31.848994078600544
158,146.25,-11.25,-31.02083967136332,-5.684341886080802e-14,-1.307879525409021,31.103442582379508
159,148.75,-11.25,-30.273349558802238,1.2278178473934531e-11,-1.307879525403905,30.357986429747207
160,151.25,-11.25,-29.525859446248205,3.410605131648481e-12,-1.307879525397425,29.61263282112157
161,153.75,-11.25,-28.778369333703722,-1.750777300912887e-11,-1.307879525375256,28.867389699542326
162,156.25,-11.25,-28.0308792211722,-6.190248313941993e-11,-1.3078795253231874,28.122265848762737
163,158.75,-11.25,-27.283389108670463,-1.5660361896152608e-10,-1.307879525215867,27.37727100732069
164,161.25,-11.25,-26.535898996218293,-3.30430793837877e-10,-1.3078795249618906,26.63241600163557
165,163.75,-11.25,-25.788408883846387,-6.580762601515744e-10,-1.3078795244681487,25.887712901974282
166,166.25,-11.25,-25.04091877159226,-1.2294094631215557e-09,-1.3078795235301186,25.143175205985905
167,168.75,-11.25,-24.293428659492292,-2.1761366042483132e-09,-1.3078795219042831,24.398818055644117
168,171.25,-11.25,-23.545938547518517,-3.562149686331395e-09,-1.3078795192093366,23.65465849489157
169,173.75,-11.25,-22.798448435456976,-5.306105776980985e-09,-1.307879515228933,22.910715777170427
170,176.25,-11.25,-22.050958322681026,-6.758853032806655e-09,-1.307879510184648,22.16701173453605
171,178.75,-11.25,-21.303468207546075,-5.878064257558435e-09,-1.3078795058660262,21.42357122307801
172,181.25,-11.25,-20.555978086383675,2.4481323634972796e-09,-1.307879507955704,20.680422663964123
173,183.75,-11.25,-19.808487951582038,2.9651801014551893e-08,-1.3078795307744713,19.937598704868766
174,186.25,-11.25,-19.060997788364375,9.937411959981546e-08,-1.3078796065060487,19.1951370346123
175,188.75,-11.25,-18.313507569813964,2.5717019980220357e-07,-1.3078798017631925,18.453081394360733
176,191.25,-11.25,-17.56601725001883,5.858296390215401e-07,-1.3078802455894447,17.71148284388019
177,193.75,-11.25,-16.818526756734855,1.225993287334859e-06,-1.3078811728923938,16.97040136159507
178,196.25,-11.25,-16.07103598891399,2.3975510430318536e-06,-1.3078829837795638,16.229907885933425
179,198.75,-11.25,-15.32354483341578,4.405292770570668e-06,-1.3078863065007909,15.490086944191791
180,201.25,-11.25,-14.5760532347133,7.583260980936757e-06,-1.3078920172822563,14.751040065767608
181,203.75,-11.25,-13.828561389808328,1.2072553090547444e-05,-1.3079010905606765,14.012890238846316
182,206.25,-11.25,-13.081070211867655,1.720890725209756e-05,-1.307913983447861,13.275787734192154
183,208.75,-11.25,-12.333582331186562,2.0075888414794463e-05,-1.3079289232753126,12.539917660543207
184,211.25,-11.25,-11.586104104620063,1.2397790783325036e-05,-1.3079378430577435,11.805509568385851
185,213.75,-11.25,-10.838649401943258,-2.5671760454315518e-05,-1.307917621587194,11.072849142215738
186,216.25,-11.25,-10.091246305142704,-0.00013721080517825612,-1.3078125222351673,10.342291243326965
187,218.75,-11.25,-9.343948142012096,-0.00040910036693730945,-1.307501136804376,9.614271792683784
188,221.25,-11.25,-8.596850000690665,-0.0010058748606525114,-1.3067379267805563,8.889312437906717
189,223.75,-11.25,-7.8501097970415685,-0.0022206889501603655,-1.305056841048895,8.168005642755713
190,226.25,-11.25,-7.103966124283033,-0.00454222794803627,-1.3016262570860135,7.450958343242247
191,228.75,-11.25,-6.358726849069171,-0.008720514958099557,-1.2950602060537904,6.738662673540261
192,231.25,-11.25,-5.6146577462936875,-0.015771863755617233,-1.2832429338760676,6.031269685955158
193,233.75,-11.25,-4.87160078939678,-0.026764036322788343,-1.2633639664871907,5.328329231557376
194,236.25,-11.25,-4.127935178624966,-0.04191762084678885,-1.232718663425544,4.628969498024614
195,238.75,-11.25,-3.3781693827320396,-0.05786929922703621,-1.1917229918435623,3.9345261477385023
196,241.25,-11.25,-2.6080888857429727,-0.0580696987109377,-1.1530227969259386,3.2622742834916107
197,243.75,-11.25,-1.7905875863195888,0.0150791253377065,-1.164906251672278,2.7026748795407274
198,246.25,-11.25,-0.9053368650304492,0.3904651186688852,-1.3628497673083757,2.6263432333335985
199,248.75,-11.25,-0.18360014214113107,1.7082793781585224,-1.8344638727785423,3.6553167967047018
200,1.25,-8.75,-54.768337066695345,-12.48801441348036,-1.601882546456415,49.79228403507045
201,3.75,-8.75,-56.89910580130086,-6.3101776867128905,-3.1218470639913676,54.291075720389706
202,6.25,-8.75,-57.599829301076966,-2.3393723663918777,-2.7660176929044233,56.669375426577574
203,8.75,-8.75,-56.95597186023706,-0.5346659949053212,-2.135036292625525,56.811014045009394
204,11.25,-8.75,-56.107360320311216,0.026469224114439527,-1.8848176636461282,56.21547219319094
205,13.75,-8.75,-55.29204467182106,0.16886715487378723,-1.8308008568358005,55.467388848851606
206,16.25,-8.75,-54.55529534118178,0.1616396862331655,-1.851993006834597,54.73037833109812
207,18.75,-8.75,-53.88074215319676,0.11851189520187688,-1.8888294415064166,54.03921686047404
208,21.25,-8.75,-53.247288481251005,0.07641968596681181,-1.9205253387416832,53.389268250918526
209,23.75,-8.75,-52.63844369184915,0.04532700695970959,-1.9426173310701813,52.768504225778706
210,26.25,-8.75,-52.04341910310873,0.02514394303767631,-1.9563706399139704,52.16616565521431
211,28.75,-8.75,-51.45571726745683,0.013113949940731118,-1.9642832754033606,51.574616096900186
212,31.25,-8.75,-50.87167225144225,0.006411619962534587,-1.9685461931051833,50.98900637333043
213,33.75,-8.75,-50.289331126598114,0.002901543219678615,-1.9707019522260367,50.40648518594466
214,36.25,-8.75,-49.707713723124755,0.0011776791829447575,-1.9717184324379389,49.82547907885265
215,38.75,-8.75,-49.12636073399642,0.00039313595976864235,-1.9721565129018472,49.2451706910883
216,41.25,-8.75,-48.5450756042315,7.195674550075637e-05,-1.972320560030738,48.66516211568539
217,43.75,-8.75,-47.96378557631385,-3.717383128787333e-05,-1.9723657101676793,48.085274495403034
218,46.25,-8.75,-47.382471255021414,-5.877198353232416e-05,-1.9723658128340844,47.50543630126425
219,48.75,-8.75,-46.80113324465373,-5.012862621356362e-05,-1.9723531201665878,46.925624741730644
220,51.25,-8.75,-46.219777667848405,-3.5083529638768596e-05,-1.9723399895109708,46.345836935115344
221,53.75,-8.75,-45.63841067368293,-2.2003617743848736e-05,-1.9723300338806666,45.76607675885841
222,56.25,-8.75,-45.0570368739227,-1.2767139281777418e-05,-1.9723234797301927,45.18634944687181
223,58.75,-8.75,-44.47565928585675,-6.940916790654228e-06,-1.972319536618187,44.606659741269475
224,61.25,-8.75,-43.894279716673736,-3.545316445752178e-06,-1.9723173244241536,44.027011516921824
225,63.75,-8.75,-43.31289917645438,-1.691926229341334e-06,-1.9723161587491234,43.447407918973305
226,66.25,-8.75,-42.731518195519925,-7.414079448153643e-07,-1.972315582630813,42.867851612659905
227,68.75,-8.75,-42.15013703494458,-2.8566526566464745e-07,-1.972315318396852,42.288345003905334
228,71.25,-8.75,-41.568755813873736,-8.468995815746894e-08,-1.9723152089692633,41.70889039813454
229,73.75,-8.75,-40.987374581283575,-6.436067678805557e-09,-1.9723151709215188,41.12949010385365
230,76.25,-8.75,-40.40599335395427,1.736432864163362e-08,-1.9723151626683375,40.55014649694985
231,78.75,-8.75,-39.8246121353194,1.9748881641135085e-08,-1.9723151649393458,39.97086206031426
232,81.25,-8.75,-39.243230924168756,1.5463086810996174e-08,-1.9723151696170476,39.39163940938941
233,83.75,-8.75,-38.66184971827738,1.0363265801061061e-08,-1.9723151738044749,38.81248131044685
234,86.25,-8.75,-38.08046851569668,6.311836386885261e-09,-1.9723151768001799,38.23339069563714
235,88.75,-8.75,-37.499087315037855,3.5776679396803956e-09,-1.9723151787064808,37.65437067708688
236,91.25,-8.75,-36.917706115426995,1.90294713320327e-09,-1.972315179824534,37.07542456130458
237,93.75,-8.75,-36.33632491635342,9.47750322666252e-10,-1.9723151804362828,36.4965558645495
238,96.25,-8.75,-35.754943717537344,4.405933395901229e-10,-1.9723151807516501,35.91776832957035
239,98.75,-8.75,-35.173562518833364,1.9093704395345412e-10,-1.9723151809035926,35.33906594395873
240,101.25,-8.75,-34.592181320172244,7.116796041373163e-11,-1.9723151809719184,34.76045296036017
241,103.75,-8.75,-34.010800121526245,1.0970779840135947e-11,-1.9723151809995443,34.1819339187587
242,106.25,-8.75,-33.42941892288036,-1.1311840353300795e-11,-1.9723151810077866,33.60351367105462
243,108.75,-8.75,-32.848037724232086,-1.3244516594568267e-11,-1.9723151810056834,33.02519740821871
244,111.25,-8.75,-32.26665652557949,-2.2737367544323206e-12,-1.9723151810018749,32.446990690344144
245,113.75,-8.75,-31.68527532692633,-3.410605131648481e-13,-1.9723151810023296,31.868899479943646
246,116.25,-8.75,-31.103894128271804,-2.8421709430404007e-13,-1.9723151809993738,31.290930178924597
247,118.75,-8.75,-30.522512929615914,-4.320099833421409e-12,-1.9723151809986916,30.713089669683715
248,121.25,-8.75,-29.94113173096264,-5.4569682106375694e-12,-1.9723151810021022,30.135385360906348
249,123.75,-8.75,-29.359750532305952,9.094947017729282e-13,-1.972315180998919,29.557825238654868
250,126.25,-8.75,-28.778369333649266,5.343281372915953e-12,-1.9723151809953379,28.980417923550245
251,128.75,-8.75,-28.19698813499599,9.606537787476555e-12,-1.9723151809941442,28.403172734835724
252,131.25,-8.75,-27.615606936338963,1.0857093002414331e-11,-1.9723151810006243,27.82609976231468
253,133.75,-8.75,-27.034225737683528,6.991740519879386e-12,-1.9723151809986348,27.249209947369348
254,136.25,-8.75,-26.45284453902559,0.0,-1.9723151810071045,26.672515174342845
255,138.75,-8.75,-25.871463340366518,9.208633855450898e-12,-1.9723151810080708,26.096028373909153
256,141.25,-8.75,-25.290082141710627,6.87805368215777e-12,-1.972315181017052,25.519763640254503
257,143.75,-8.75,-24.708700943053145,3.637978807091713e-12,-1.9723151810052855,24.943736364325957
258,146.25,-8.75,-24.12731974440203,6.480149750132114e-12,-1.9723151810121067,24.367963385734985
259,148.75,-8.75,-23.54593854575046,4.604316927725449e-12,-1.972315181007673,23.7924631663068
260,151.25,-8.75,-22.964557347098662,-8.526512829121202e-12,-1.9723151810000559,23.217255989190395
261,153.75,-8.75,-22.383176148443226,-5.275069270282984e-11,-1.9723151809704973,22.64236418774146
262,156.25,-8.75,-21.80179494977574,-1.3704948287340812e-10,-1.9723151809196793,22.06781240965533
263,158.75,-8.75,-21.220413751076194,-3.143441063002683e-10,-1.9723151808190096,21.493627922657925
264,161.25,-8.75,-20.639032552288427,-6.580762601515744e-10,-1.9723151805941939,20.919840969654768
265,163.75,-8.75,-20.05765135331808,-1.2872760635218583e-09,-1.972315180189014,20.34648518283821
266,166.25,-8.75,-19.476270153975975,-2.3703705664956942e-09,-1.9723151794621003,19.77359806828032
267,168.75,-8.75,-18.894888953932423,-4.029800493299263e-09,-1.9723151782763466,19.201221575531925
268,171.25,-8.75,-18.313507752632177,-6.3378138293046504e-09,-1.9723151764843578,18.629402769703134
269,173.75,-8.75,-17.732126549247823,-8.890538083505817e-09,-1.9723151741947618,18.058194628477345
270,176.25,-8.75,-17.15074534271207,-9.998643690778408e-09,-1.9723151721495356,17.487656991545474
271,178.75,-8.75,-16.56936413201356,-5.036724814999616e-09,-1.9723151727772006,16.917857697654973
272,181.25,-8.75,-15.9879829173301,1.693103968136711e-08,-1.9723151822878435,16.348873954201913
273,183.75,-8.75,-15.406601702775333,7.944191793285427e-08,-1.9723152146983125,15.780793996826684
274,186.25,-8.75,-14.825220502772936,2.2946744593355106e-07,-1.9723152991738857,15.213719113872541
275,188.75,-8.75,-14.243839355279988,5.553183086703939e-07,-1.9723154924382698,14.647766133237662
276,191.25,-8.75,-13.662458347665734,1.2126217256991367e-06,-1.9723158981435063,14.083070498840275
277,193.75,-8.75,-13.081077664144914,2.45648078589511e-06,-1.9723166937033625,13.519790102275842
278,196.25,-8.75,-12.499697667275086,4.666994129820523e-06,-1.972318159349129,12.958110081119647
279,198.75,-8.75,-11.918319027457756,8.328224339493318e-06,-1.9723206896675265,12.398248844390778
280,201.25,-8.75,-11.336942906697232,1.3861952879778983e-05,-1.972324733052801,11.840465623441867
281,203.75,-8.75,-10.755571171397833,2.1096444299928407e-05,-1.9723305301072287,11.28506983973677
282,206.25,-8.75,-10.174206518559458,2.7918587363728875e-05,-1.972337375181553,10.732432459473712
283,208.75,-8.75,-9.592852184981666,2.7240111421633628e-05,-1.9723418500275898,10.182999139454088
284,211.25,-8.75,-9.011510443252291,7.050791168694559e-07,-1.9723339967965785,9.637304135879086
285,213.75,-8.75,-8.430178150900247,-9.352195490919257e-05,-1.9722896136512418,9.095982311893039
286,216.25,-8.75,-7.848835846174552,-0.0003430305315532678,-1.9721557024958543,8.559773724357024
287,218.75,-8.75,-7.267423728042559,-0.0009192153086701182,-1.9718246668760457,8.029510926042125
288,221.25,-8.75,-6.685792592059215,-0.0021373266702084948,-1.9710917405465125,7.506073899072185
289,223.75,-8.75,-6.103609664996156,-0.004541097727098986,-1.969591186284731,6.990294900753311
290,226.25,-8.75,-5.520188048873024,-0.008999541046307513,-1.9667148508197556,6.4828064787586674
291,228.75,-8.75,-4.934195769503276,-0.016761225402831315,-1.961542905563988,5.983879792750847
292,231.25,-8.75,-4.343194106679903,-0.029309181110988902,-1.952884962581777,5.493466814768035
293,233.75,-8.75,-3.7429795476853087,-0.04761669373397126,-1.9396874178848407,5.0120950480253565
294,236.25,-8.75,-3.1268585700588574,-0.06987026700079468,-1.9223769109257773,4.544254712401051
295,238.75,-8.75,-2.4855523393584917,-0.0852535556410885,-1.9062254324499577,4.107848904686572
296,241.25,-8.75,-1.810780113115925,-0.05870472858021003,-1.9077210371098658,3.7542333670736974
297,243.75,-8.75,-1.111544311970647,0.10835730164080815,-1.9610473331728144,3.5923301537338026
298,246.25,-8.75,-0.4711598239991872,0.6385083814189443,-2.0829856353723812,3.7345697879417905
299,248.75,-8.75,-0.08839243411762254,1.8277655163702775,-2.1264845922376026,4.132300910062279
300,1.25,-6.25,-38.66114491154309,-9.203887580618092,0.6696463357332352,34.99868739837318
301,3.75,-6.25,-40.1599505472452,-5.320178646686848,-1.781707099634625,37.9076675357777
302,6.25,-6.25,-40.8563383899975,-2.4446491332308966,-2.6391182041789527,39.95287371988879
303,8.75,-6.25,-40.80954633572804,-0.810948831471487,-2.725405241224859,40.68495738486211
304,11.25,-6.25,-40.31266849139702,-0.09265481452641211,-2.6174677854164976,40.520835082866604
305,13.75,-6.25,-39.70839689140902,0.13354760885179218,-2.536935865216549,40.017317636972415
306,16.25,-6.25,-39.12085174237994,0.16424680891650212,-2.4949973164149384,39.44069634211655
307,18.75,-6.25,-38.58265020699487,0.13099209700398973,-2.477061529748262,38.88572462549542
308,21.25,-6.25,-38.089649141086994,0.08846536658437998,-2.4705669731959503,38.373296914568996
309,23.75,-6.25,-37.62912590913447,0.054100781764674366,-2.4688547084022616,37.89822607223837
310,26.25,-6.25,-37.18921047793839,0.030744904062679268,-2.4688599100592867,37.449532810121056
311,28.75,-6.25,-36.76133733001757,0.016392972931441818,-2.4693225710998092,37.01744832520346
312,31.25,-6.25,-36.34004550832759,0.008204345427628823,-2.4697890051414646,36.595036471283414
313,33.75,-6.25,-35.92213203720689,0.0038213723407665157,-2.470136458254032,36.177915624181395
314,36.25,-6.25,-35.50583985707385,0.001618710372156329,-2.4703621409438767,35.763531810629004
315,38.75,-6.25,-35.09026351362857,0.000587586461108458,-2.4704964376272187,35.35049179728472
316,41.25,-6.25,-34.674966482402,0.00014764867496808165,-2.470571059354029,34.93808215068925
317,43.75,-6.25,-34.25975484549582,-1.4163290870783385e-05,-2.470610014694728,34.52596209198133
318,46.25,-6.25,-33.844552177421235,-5.647580732670576e-05,-2.470629073367249,34.1139828332822
319,48.75,-6.25,-33.42933456011497,-5.4281025512636916e-05,-2.470637704111084,33.702088163070954
320,51.25,-6.25,-33.01409896941783,-4.0020520415851024e-05,-2.4706412105805953,33.290263043372796
321,53.75,-6.25,-32.59884906395138,-2.592254173805486e-05,-2.470642383504554,32.87850873460409
322,56.25,-6.25,-32.183589477534895,-1.5412799811542754e-05,-2.470642600227805,32.466831693186386
323,58.75,-6.25,-31.76832395617504,-8.560885987662914e-06,-2.4706424914386673,32.055239165869054
324,61.25,-6.25,-31.353055052997092,-4.467492701110132e-06,-2.470642317702442,31.643737792378577
325,63.75,-6.25,-30.9377843414768,-2.1845881548188117e-06,-2.470642169206684,31.23233341519973
326,66.25,-6.25,-30.522512722028807,-9.88523240152972e-07,-2.470642065178822,30.821031282825228
327,68.75,-6.25,-30.10724067803261,-4.010812375554451e-07,-2.470641999891029,30.409836317290644
328,71.25,-6.25,-29.691968453188963,-1.3377189134189393e-07,-2.470641961990623,29.998753336868255
329,73.75,-6.25,-29.276696162024223,-2.4380597096751444e-08,-2.470641941378517,29.587787214612657
330,76.25,-6.25,-28.86142385366827,1.275572003578418e-08,-2.4706419308449767,29.176942983811518
331,78.75,-6.25,-28.44615154636807,2.0078715579074924e-08,-2.4706419258180006,28.766225907249805
332,81.25,-6.25,-28.0308792450316,1.710890273898258e-08,-2.470641923612277,28.35564152462879
333,83.75,-6.25,-27.615606949550966,1.196502807943034e-08,-2.470641922758375,27.9451956882392
334,86.25,-6.25,-27.200334658426186,7.504354471166153e-09,-2.4706419225064167,27.534894593265477
335,88.75,-6.25,-26.785062370134938,4.354575366960489e-09,-2.4706419224859246,27.124744806469444
336,91.25,-6.25,-26.369790083537282,2.3656809844396776e-09,-2.470641922538192,26.714753295518438
337,93.75,-6.25,-25.95451779788084,1.2122143289161613e-09,-2.470641922593529,26.30492746009777
338,96.25,-6.25,-25.53924551271973,5.793197033199249e-10,-2.470641922639743,25.895275165625975
339,98.75,-6.25,-25.123973227799297,2.5337953957205173e-10,-2.4706419226678804,25.485804780066765
340,101.25,-6.25,-24.70870094298823,1.0081180334964301e-10,-2.4706419226887135,25.07652521429074
341,103.75,-6.25,-24.29342865822366,3.1235458664014004e-11,-2.470641922699457,24.667445966365502
342,106.25,-6.25,-23.87815637347319,-7.105427357601002e-13,-2.4706419227049423,24.258577170285623
343,108.75,-6.25,-23.462884088727378,-8.981260180007666e-12,-2.470641922701617,23.84992964961276
344,111.25,-6.25,-23.04761180397884,-9.322320693172514e-12,-2.4706419227003096,23.44151497658167
345,113.75,-6.25,-22.632339519228367,-9.947598300641403e-13,-2.4706419227052834,23.03334553737885
346,116.25,-6.25,-22.217067234475053,-2.2168933355715126e-12,-2.470641922703976,22.62543460426347
347,118.75,-6.25,-21.80179494972208,-3.723243935382925e-12,-2.470641922704175,22.217796415493506
348,121.25,-6.25,-21.386522664970244,3.410605131648481e-12,-2.4706419227056813,21.810446263890416
349,123.75,-6.25,-20.971250380216702,3.751665644813329e-12,-2.4706419227043455,21.403400595243983
350,126.25,-6.25,-20.555978095463843,1.2931877790833823e-11,-2.4706419227005654,20.99667711786967
351,128.75,-6.25,-20.14070581070996,6.650680006714538e-12,-2.470641922701475,20.590294924656373
352,131.25,-6.25,-19.725433525956305,2.1032064978498966e-12,-2.470641922706392,20.184274629465026
353,133.75,-6.25,-19.310161241201286,1.8758328224066645e-12,-2.470641922706932,19.77863851967419
354,136.25,-6.25,-18.89488895644638,4.433786671143025e-12,-2.470641922712474,19.373410727265252
355,138.75,-6.25,-18.47961667169102,1.9610979506978765e-12,-2.4706419227150036,18.968617420980042
356,141.25,-6.25,-18.064344386937705,2.3305801732931286e-12,-2.4706419227223364,18.564287022691428
357,143.75,-6.25,-17.64907210218496,6.707523425575346e-12,-2.4706419227103993,18.16045045143441
358,146.25,-6.25,-17.233799817434942,1.3642420526593924e-12,-2.4706419227125593,17.757141399398684
359,148.75,-6.25,-16.818527532684016,2.8137492336099967e-12,-2.470641922708353,17.35439664460939
360,151.25,-6.25,-16.403255247928428,-1.2562395568238571e-11,-2.4706419227055108,16.952256406129994
361,153.75,-6.25,-15.987982963160675,-6.579625733138528e-11,-2.4706419226940852,16.550764748487744
362,156.25,-6.25,-15.572710678355634,-1.8212631403002888e-10,-2.470641922680045,16.149970043292583
363,158.75,-6.25,-15.15743839347283,-4.0262193579110317e-10,-2.470641922666175,15.749925497472308
364,161.25,-6.25,-14.74216610841495,-8.239453563874122e-10,-2.4706419226359344,15.350689759278252
365,163.75,-6.25,-14.326893823020555,-1.5909620287857251e-09,-2.470641922613652,14.952327615546658
366,166.25,-6.25,-13.911621537002247,-2.8412330266291974e-09,-2.470641922597167,14.55491079595964
367,168.75,-6.25,-13.496349249896184,-4.729940883407835e-09,-2.4706419226501453,14.158518903515494
368,171.25,-6.25,-13.081076961026838,-7.20240223017754e-09,-2.4706419228864434,13.763240494137419
369,173.75,-6.25,-12.665804669600448,-9.533636102787568e-09,-2.4706419235715202,13.369174333190845
370,176.25,-6.25,-12.250532375076205,-9.313652071796241e-09,-2.4706419252258343,12.976430862403726
371,178.75,-6.25,-11.835260078250599,-2.8487079362093937e-10,-2.470641928839086,12.585133918162095
372,181.25,-6.25,-11.419987784026603,3.1791984156370745e-08,-2.4706419361314715,12.195422751183958
373,183.75,-6.25,-11.004715507373817,1.16788100967824e-07,-2.470641949992057,11.807454408916229
374,186.25,-6.25,-10.58944328550001,3.130986385713186e-07,-2.4706419747091672,11.421406555847053
375,188.75,-6.25,-10.17417120112907,7.280852969415719e-07,-2.4706420158292985,11.037480824386165
376,191.25,-6.25,-9.758899424208153,1.5466615082004864e-06,-2.4706420783483054,10.655906808124891
377,193.75,-6.25,-9.343628281696851,3.0633357255283045e-06,-2.470642160993634,10.27694683027225
378,196.25,-6.25,-8.928358364703058,5.698396989828325e-06,-2.4706422413339624,9.900901636715572
379,198.75,-6.25,-8.513090672167095,9.94311062640918e-06,-2.4706422423154777,9.52811716488523
380,201.25,-6.25,-8.097826756278778,1.6103779614695668e-05,-2.4706419625502463,9.15899250474219
381,203.75,-6.25,-7.682568745202161,2.356276576165328e-05,-2.4706409403250973,8.793989055935398
382,206.25,-6.25,-7.267318912538599,2.8990688633712125e-05,-2.4706382048894397,8.433640630258049
383,208.75,-6.25,-6.852078029840527,2.2443149418904795e-05,-2.4706318499762574,8.078563753792459
384,211.25,-6.25,-6.436840886025607,-2.0545304437291634e-05,-2.470618358494619,7.72946657703941
385,213.75,-6.25,-6.021585783895262,-0.00015398035895941575,-2.470591648561026,7.3871535419535865
386,216.25,-6.25,-5.60625209870318,-0.00048820625266898787,-2.4705419871654613,7.052521460887087
387,218.75,-6.25,-5.1906956141156115,-0.0012344980470402334,-2.4704554242663335,6.726541800111475
388,221.25,-6.25,-4.774605057908161,-0.0027728649629921165,-2.4703156576825904,6.410226217418571
389,223.75,-6.25,-4.357355793525699,-0.0057414946240896825,-2.4701131432992725,6.104583651926489
390,226.25,-6.25,-3.9377717518666486,-0.011122691196362666,-2.4698726525335246,5.810609625853347
391,228.75,-6.25,-3.5137758158191446,-0.020238648320059838,-2.4697238423354975,5.529423440641046
392,231.25,-6.25,-3.0819603985756885,-0.03442727007666235,-2.4700649614217696,5.2628152535726525
393,233.75,-6.25,-2.6372711132663653,-0.05386917275268388,-2.4719060050245503,5.014677566152719
394,236.25,-6.25,-2.1733993371841507,-0.0744335864956156,-2.477476396437396,4.793860554378963
395,238.75,-6.25,-1.6854144134694025,-0.0805021344317538,-2.490810353229506,4.617773438396262
396,241.25,-6.25,-1.1776873625574353,-0.030433331942390396,-2.5162826646775898,4.510772451239631
397,243.75,-6.25,-0.6818542307244115,0.16415244870648849,-2.545704231148534,4.477234565830793
398,246.25,-6.25,-0.2742643235280866,0.640563202628698,-2.5187597721250086,4.437755980018942
399,248.75,-6.25,-0.04775023425929703,1.5331612273550377,-2.277047171270965,4.240389569636192
400,1.25,-3.75,-23.064075501108853,-5.613896394842373,2.0269031062805603,21.126123396249866
401,3.75,-3.75,-23.9104184916683,-3.45288280588613,-0.8505455274707785,22.43303194642614
402,6.25,-3.75,-24.397373816074456,-1.7552442239892532,-2.3431871049813218,23.915705286752555
403,8.75,-3.75,-24.468986807225516,-0.6784215622835186,-2.929750586565774,24.664581862045466
404,11.25,-3.75,-24.253905007519197,-0.1352753436755627,-3.0636696140088873,24.76181468932374
405,13.75,-3.75,-23.90679270171197,0.07234283646143247,-3.030534765377496,24.51166821854111
406,16.25,-3.75,-23.53984516567632,0.1158800682522596,-2.9626287664657696,24.14947297773495
407,18.75,-3.75,-23.195668549948458,0.09938875948712678,-2.9028684947320116,23.78306630399784
408,21.25,-3.75,-22.882065881850693,0.06953568942422095,-2.8607482857329813,23.44646107034016
409,23.75,-3.75,-22.59349661373649,0.0434930325273406,-2.834261224652529,23.141947857313887
410,26.25,-3.75,-22.322011590428843,0.02513503163360653,-2.818866787677898,22.862019324209456
411,28.75,-3.75,-22.06100786439808,0.013600131245013358,-2.8104830413792286,22.59833468060418
412,31.25,-3.75,-21.805959748946336,0.006908427844532383,-2.8061918451426493,22.34445593908665
413,33.75,-3.75,-21.55408101949493,0.0032744797779500345,-2.8041384252522903,22.096121257893415
414,36.25,-3.75,-21.303783597085015,0.0014213186021763136,-2.803235113472965,21.850763335401393
415,38.75,-3.75,-21.054219494047942,0.0005388186218198143,-2.8028847430649932,21.60694313983643
416,41.25,-3.75,-20.8049639720154,0.00015325951031286422,-2.802779141176728,21.36390477421166
417,43.75,-3.75,-20.55581907814667,5.45390032158366e-06,-2.802769457870795,21.12127742313037
418,46.25,-3.75,-20.306700900752247,-3.781604829811158e-05,-2.802789398916758,20.87889409903936
419,48.75,-3.75,-20.057578940940743,-4.058059489864263e-05,-2.802812727934125,20.6366890897944
420,51.25,-3.75,-19.80844550377961,-3.1168124550617904e-05,-2.802831155980712,20.394643496562765
421,53.75,-3.75,-19.559301291858247,-2.0668653135658133e-05,-2.8028435645883008,20.152758096706343
422,56.25,-3.75,-19.310149211633103,-1.2499091099016368e-05,-2.802851149055826,19.91104077911718
423,58.75,-3.75,-19.06099206401558,-7.042669686541103e-06,-2.8028554603166924,19.6695012752872
424,61.25,-3.75,-18.811831916236656,-3.72633773082498e-06,-2.802857760440702,19.428149289659654
425,63.75,-3.75,-18.562670108135848,-1.849940836962105e-06,-2.8028589125140115,19.18699407030762
426,66.25,-3.75,-18.313507436703958,-8.531970863145943e-07,-2.8028594496662436,18.946044502558596
427,68.75,-3.75,-18.06434434479408,-3.5626168681801573e-07,-2.802859677532865,18.705309334183145
428,71.25,-3.75,-17.815181063598857,-1.2587453568357887e-07,-2.8028597604659353,18.46479738845924
429,73.75,-3.75,-17.566017706216428,-2.893445127938321e-08,-2.8028597814797536,18.22451772779615
430,76.25,-3.75,-17.316854323851288,5.814499104417337e-09,-2.8028597796569557,17.98447977027503
431,78.75,-3.75,-17.067690937294145,1.4205198795025353e-08,-2.802859771819385,17.744693372242104
432,81.25,-3.75,-16.818527553494363,1.3016503430662851e-08,-2.80285976424733,17.5051688898073
433,83.75,-3.75,-16.56936417372893,9.407344236933568e-09,-2.8028597586476565,17.26591722896483
434,86.25,-3.75,-16.320200797347695,6.020428600095329e-09,-2.802859755018602,17.0269498907735
435,88.75,-3.75,-16.071037423312646,3.548279892129358e-09,-2.802859752858893,16.788279015465783
436,91.25,-3.75,-15.821874050743986,1.9589663224905962e-09,-2.802859751658474,16.549917427920946
437,93.75,-3.75,-15.572710679021952,1.0153087259823224e-09,-2.80285975102899,16.31187868579675
438,96.25,-3.75,-15.323547307758304,4.935145625495352e-10,-2.802859750721211,16.074177131265788
439,98.75,-3.75,-15.074383936725837,2.2033930235920707e-10,-2.8028597505816606,15.836827946891116
440,101.25,-3.75,-14.825220565807001,8.101608273136662e-11,-2.802859750524817,15.599847216218627
441,103.75,-3.75,-14.576057194934094,2.538058652135078e-11,-2.802859750506286,15.363251989516556
442,106.25,-3.75,-14.326893824080855,1.0516032489249483e-12,-2.8028597505042683,15.12706035518771
443,108.75,-3.75,-14.077730453232732,-6.94910795573378e-12,-2.8028597504977313,14.891291517415777
444,111.25,-3.75,-13.82856708238404,-7.318590178329032e-12,-2.8028597504997492,14.655965880651088
445,113.75,-3.75,-13.579403711536202,-1.0857093002414331e-11,-2.8028597505048367,14.421105141553328
446,116.25,-3.75,-13.330240340684156,-5.6274984672199935e-12,-2.802859750505746,14.186732389219994
447,118.75,-3.75,-13.081076969831145,3.566924533515703e-12,-2.8028597505061725,13.952872214483868
448,121.25,-3.75,-12.831913598979781,5.073275133327115e-12,-2.802859750508759,13.719550829193112
449,123.75,-3.75,-12.582750228130578,6.366462912410498e-12,-2.802859750505718,13.486796196525518
450,126.25,-3.75,-12.33358685727876,2.8279600883251987e-12,-2.8028597505036714,13.254638173449125
451,128.75,-3.75,-12.084423486425464,5.968558980384842e-13,-2.802859750506286,13.023108666608872
452,131.25,-3.75,-11.83526011557376,2.6432189770275727e-12,-2.8028597505069115,12.792241802997523
453,133.75,-3.75,-11.586096744722681,9.521272659185342e-13,-2.8028597505133916,12.562074117009043
454,136.25,-3.75,-11.336933373870238,-7.133849067031406e-12,-2.802859750511942,12.332644755550673
455,138.75,-3.75,-11.087770003017965,-2.9274360713316128e-12,-2.802859750521492,12.103995703199534
456,141.25,-3.75,-10.838606632166034,6.536993168992922e-13,-2.802859750519133,11.876172029323302
457,143.75,-3.75,-10.589443261315012,3.964828465541359e-12,-2.802859750514415,11.649222159775865
458,146.25,-3.75,-10.340279890464672,-4.519051799434237e-12,-2.80285975051288,11.423198175477685
459,148.75,-3.75,-10.091116519616492,-1.0160761121369433e-11,-2.802859750508105,11.198156140875577
460,151.25,-3.75,-9.841953148758762,-2.141575805580942e-11,-2.8028597505124253,10.974156465317936
461,153.75,-3.75,-9.592789777886537,-5.6559201766503975e-11,-2.8028597505298194,10.75126430079747
462,156.25,-3.75,-9.343626406977194,-1.5478462955798022e-10,-2.8028597505721677,10.529549979740242
463,158.75,-3.75,-9.094463035990543,-3.4569325180200394e-10,-2.802859750674429,10.309089496929717
464,161.25,-3.75,-8.845299664841036,-7.016467407083837e-10,-2.8028597508939583,10.089965039789519
465,163.75,-3.75,-8.596136293381903,-1.3120313724357402e-09,-2.8028597513291515,9.872265571791608
466,166.25,-3.75,-8.34697292136974,-2.294527234880661e-09,-2.8028597521223446,9.65608747377163
467,168.75,-3.75,-8.097809548434157,-3.75773367977672e-09,-2.8028597535246718,9.441535248362268
468,171.25,-3.75,-7.848646174078283,-5.588091767094738e-09,-2.80285975577533,9.228722292584685
469,173.75,-3.75,-7.5994827978269655,-7.066375928843627e-09,-2.802859759070202,9.01777174405143
470,176.25,-3.75,-7.350319419678044,-6.035776323187747e-09,-2.802859763108131,8.808817405411638
471,178.75,-3.75,-7.101156041269917,2.9612010621349327e-09,-2.8028597662108723,8.602004751836818
472,181.25,-3.75,-6.8519926686713575,3.204230836217903e-08,-2.8028597632106766,8.39749202487004
473,183.75,-3.75,-6.602829318103261,1.0623529078657157e-07,-2.8028597414268575,8.195451415010144
474,186.25,-3.75,-6.3536660272732775,2.7380795586395834e-07,-2.8028596726245496,7.996070332299858
475,188.75,-3.75,-6.104502876230697,6.222579713721643e-07,-2.802859498978364,7.799552761378344
476,191.25,-3.75,-5.855340023471342,1.2998897602756188e-06,-2.8028591094083595,7.606120690821562
477,193.75,-3.75,-5.606177763720211,2.5381462478435424e-06,-2.8028583034516714,7.416015598380332
478,196.25,-3.75,-5.357016611020242,4.656584451367962e-06,-2.8028567429641953,7.229499960641006
479,198.75,-3.75,-5.107857397499117,8.002239837878733e-06,-2.802853903961932,7.046858739070506
480,201.25,-3.75,-4.858701339754475,1.2711584645330731e-05,-2.8028490712359257,6.868400775964601
481,203.75,-3.75,-4.60954993236021,1.8057493036849337e-05,-2.8028414888506177,6.694460026845402
482,206.25,-3.75,-4.360404325660795,2.091066937737196e-05,-2.8028309272630167,6.525396592017839
483,208.75,-3.75,-4.111263436069464,1.2441453037581596e-05,-2.802819217182787,6.36159766753878
484,211.25,-3.75,-3.8621192595099387,-2.8462130870821056e-05,-2.8028138343179307,6.203478977225266
485,213.75,-3.75,-3.612946473243028,-0.00014752547249941017,-2.802835542302205,6.051488285556282
486,216.25,-3.75,-3.363681108841547,-0.0004367627138037733,-2.802933578069542,5.9061147628080235
487,218.75,-3.75,-3.114179593924007,-0.001069872505524927,-2.803213992719975,5.767912098815156
488,221.25,-3.75,-2.864144927868665,-0.0023545504488993174,-2.8038892985936172,5.637550313240798
489,223.75,-3.75,-2.613002657634752,-0.0047977354146269136,-2.805359321436981,5.515921698030386
490,226.25,-3.75,-2.359710717747589,-0.009157620753001083,-2.808330537427082,5.404338111181352
491,228.75,-3.75,-2.102507375931566,-0.0164003632940819,-2.813965287724841,5.3048587421843845
492,231.25,-3.75,-1.8386710830588981,-0.02735653126762827,-2.8240024328409845,5.220740301009119
493,233.75,-3.75,-1.5645426562015814,-0.041629959108973935,-2.8406617237724276,5.15678892494981
494,236.25,-3.75,-1.276432774538307,-0.05494251786583959,-2.8658294073659363,5.118701344485295
495,238.75,-3.75,-0.9735731379331014,-0.05376681030972463,-2.8983287337880483,5.108749157070661
496,241.25,-3.75,-0.6644854664334048,-0.007146629538965499,-2.926554407006222,5.11184949597061
497,243.75,-3.75,-0.37495433651088206,0.1393058576248336,-2.912857046757665,5.066205556073704
498,246.25,-3.75,-0.14778011303400262,0.45646082260657295,-2.7723594023473197,4.832761244226138
499,248.75,-3.75,-0.025909672818386298,1.00302652170015,-2.361930979732051,4.215314396630326
500,1.25,-1.25,-7.667877040685266,-1.8840437560163192,2.6614149411520467,8.315571645546108
501,3.75,-1.25,-7.9432923265637765,-1.189807937339646,-0.3848540724546403,7.450159838923155
502,6.25,-1.25,-8.110669153157712,-0.63004504221434,-2.14976444868012,8.656459179863436
503,8.75,-1.25,-8.150927478809646,-0.25953276423710436,-2.9818411492917534,9.5427288130641
504,11.25,-1.25,-8.091528507784872,-0.06088104822974261,-3.2599857511839367,9.842075017533697
505,13.75,-1.25,-7.981653719979146,0.02079037750449597,-3.277010065574295,9.802527982567966
506,16.25,-1.25,-7.858137177198776,0.04109664152305692,-3.2058202164056766,9.638817440743152
507,18.75,-1.25,-7.7402483945927045,0.03670277968707536,-3.1259441648854533,9.461049714567931
508,21.25,-1.25,-7.63266559505095,0.026196236597258782,-3.0636279340214543,9.30675377329989
509,23.75,-1.25,-7.534255936414432,0.016579606992347173,-3.022070222693607,9.180900157056703
510,26.25,-1.25,-7.442345198237662,0.009665383365853764,-2.9969075802405314,9.077714124291328
511,28.75,-1.25,-7.354518808796435,0.005268336612664459,-2.9827421900184987,8.98988173789673
512,31.25,-1.25,-7.269054481142314,0.002695647853615757,-2.9752624466072746,8.911527086084456
513,33.75,-1.25,-7.1848667851866885,0.0012883408410906405,-2.9715598949507864,8.83866921916744
514,36.25,-1.25,-7.101326098488077,0.000565530858589014,-2.9698590586450138,8.768867497036672
515,38.75,-1.25,-7.018091074369435,0.00021850261954980965,-2.9691531614578253,8.700732574660384
516,41.25,-1.25,-6.934988079749489,6.522248346296777e-05,-2.9689066963572657,8.633523782482554
517,43.75,-1.25,-6.851934708227336,5.38306145214662e-06,-2.968852399424094,8.566872231971455
518,46.25,-1.25,-6.768895130207243,-1.2932472279736373e-05,-2.968866220303937,8.500609016273323
519,48.75,-1.25,-6.685855723464586,-1.487507727837567e-05,-2.9688958782983264,8.434666295184135
520,51.25,-1.25,-6.602812583628289,-1.1688267797627105e-05,-2.968922573912522,8.369023873121469
521,53.75,-1.25,-6.519765541966923,-7.848098235285761e-06,-2.968941722259558,8.30368209922809
522,56.25,-1.25,-6.436715531044668,-4.787583362642067e-06,-2.9689539199216597,8.238649048670355
523,58.75,-1.25,-6.353663561285436,-2.7170638987605855e-06,-2.9689610824346175,8.173934983454286
524,61.25,-1.25,-6.270610411301276,-1.4474219356408469e-06,-2.968965017929719,8.109550276505734
525,63.75,-1.25,-6.187556598355547,-7.238209107640614e-07,-2.96896704979477,8.045504844785821
526,66.25,-1.25,-6.104502435658575,-3.368263055136822e-07,-2.9689680314845077,7.98180815647279
527,68.75,-1.25,-6.021448099878341,-1.4248796409432885e-07,-2.9689684688129887,7.9184694018454005
528,71.25,-1.25,-5.938393684587049,-5.1595598238307616e-08,-2.9689686419343957,7.8554976696016965
529,73.75,-1.25,-5.855339236288216,-1.2864902032561076e-08,-2.9689686966650015,7.792902082152575
530,76.25,-1.25,-5.77228477645825,1.3501548767891336e-09,-2.968968704078634,7.730691886611458
531,78.75,-1.25,-5.689230314081508,5.038785610977925e-09,-2.96896869621699,7.668876511763639
532,81.25,-1.25,-5.606175852345483,4.820605692401614e-09,-2.9689686859998687,7.6074656022745275
533,83.75,-1.25,-5.523121391993935,3.546747784355375e-09,-2.968968677679527,7.546469039055053
534,86.25,-1.25,-5.4400669328903675,2.292400713699294e-09,-2.9689686719888755,7.485896951772191
535,88.75,-1.25,-5.357012474681006,1.3625944816908486e-09,-2.9689686684740764,7.4257597270804245
536,91.25,-1.25,-5.273958017039606,7.554257219766214e-10,-2.968968666458551,7.366068014668233
537,93.75,-1.25,-5.190903559734536,3.941880155622357e-10,-2.9689686653733247,7.306832732204621
538,96.25,-1.25,-5.1078491026129536,1.9064039236127428e-10,-2.96896866482399,7.248065069669143
539,98.75,-1.25,-5.0247946455858035,8.382183835919932e-11,-2.968968664567285,7.189776493346389
540,101.25,-1.25,-4.941740188604069,3.17410542294283e-11,-2.9689686644549624,7.131978749503386
541,103.75,-1.25,-4.858685731645115,8.060441203383562e-12,-2.9689686644129267,7.0746838678296164
542,106.25,-1.25,-4.7756312746928264,1.1017853296380054e-12,-2.968968664403235,7.017904164524796
543,108.75,-1.25,-4.692576817742296,4.676259379721159e-13,-2.968968664394879,6.961652245041456
544,111.25,-1.25,-4.609522360791556,-3.721023489333675e-12,-2.968968664399142,6.9059410064937765
545,113.75,-1.25,-4.526467903841486,-6.425748821925481e-12,-2.9689686644055655,6.85078363949297
546,116.25,-1.25,-4.443413446894135,-2.8259616868808735e-12,-2.968968664403633,6.796193629573772
547,118.75,-1.25,-4.360358989943589,-5.757394561101137e-12,-2.968968664409914,6.742184758066241
548,121.25,-1.25,-4.277304532993196,-7.594813666855771e-12,-2.9689686644069297,6.688771102274503
549,123.75,-1.25,-4.19425007604266,3.931743819407529e-12,-2.9689686644052813,6.635967035109638
550,126.25,-1.25,-4.111195619092667,3.921307722976053e-12,-2.968968664407498,6.583787223867718
551,128.75,-1.25,-4.028141162140453,1.3484768857097151e-12,-2.96896866440963,6.532246628295243
552,131.25,-1.25,-3.945086705190964,-2.3063773113563e-12,-2.9689686644069297,6.481360497777932
553,133.75,-1.25,-3.862032248240711,5.88418203051333e-12,-2.9689686644146605,6.431144367630262
554,136.25,-1.25,-3.7789777912862554,7.087441744602074e-12,-2.9689686644152857,6.38161405428918
555,138.75,-1.25,-3.69592333433775,4.836797629081957e-12,-2.968968664420288,6.332785649637047
556,141.25,-1.25,-3.6128688773880535,4.706457445990964e-12,-2.9689686644201174,6.284675513989719
557,143.75,-1.25,-3.5298144204410438,6.061817714453355e-13,-2.9689686644154563,6.237300268032507
558,146.25,-1.25,-3.446759963487911,4.487965554744733e-12,-2.9689686644131825,6.190676783415594
559,148.75,-1.25,-3.363705506537709,7.746026042809717e-12,-2.9689686644105677,6.144822171999265
560,151.25,-1.25,-3.28065104958439,2.028599510595086e-12,-2.968968664418526,6.0997537737226075
561,153.75,-1.25,-3.197596592623257,-1.4961587524453535e-11,-2.9689686644568383,6.055489142974983
562,156.25,-1.25,-3.1145421356490086,-4.893818683626705e-11,-2.9689686645392612,6.012046033392359
563,158.75,-1.25,-3.0314876786447496,-1.3131185028214531e-10,-2.968968664726731,5.969442381141185
564,161.25,-1.25,-2.9484332215730866,-2.672021492955423e-10,-2.9689686651083775,5.927696286456847
565,163.75,-1.25,-2.8653787643726627,-4.886212545684998e-10,-2.968968665846546,5.886825993543005
566,166.25,-1.25,-2.7823243069616277,-8.700612452727796e-10,-2.968968667161562,5.846849868642944
567,168.75,-1.25,-2.6992698491936,-1.4278788151855792e-09,-2.9689686694063084,5.807786376465668
568,171.25,-1.25,-2.6162153908922154,-2.096428808329165e-09,-2.9689686728524407,5.76965405437745
569,173.75,-1.25,-2.5331609319028385,-2.577262514513734e-09,-2.968968677565954,5.732471484926325
570,176.25,-1.25,-2.4501064723236694,-2.0240084053213536e-09,-2.9689686825478248,5.696257265486927
571,178.75,-1.25,-2.3670520129577275,1.750258826760387e-09,-2.9689686840554828,5.661029974915927
572,181.25,-1.25,-2.283997556485417,1.348779221643781e-08,-2.9689686719575548,5.626808135527074
573,183.75,-1.25,-2.200943109806327,4.293264488364201e-08,-2.9689686226195136,5.593610168164554
574,186.25,-1.25,-2.1178886885738715,1.0877141509713084e-07,-2.968968485636367,5.561454336202053
575,188.75,-1.25,-2.0348343254505425,2.4455603098161305e-07,-2.968968160896452,5.530358672899381
576,191.25,-1.25,-1.9517800841380648,5.067856350127187e-07,-2.968967461682837,5.500340885033094
577,193.75,-1.25,-1.8687260813872326,9.82691301332217e-07,-2.9689660612115176,5.471418227618522
578,196.25,-1.25,-1.7856725176111938,1.7905284409591715e-06,-2.968963428261304,5.443607356570814
579,198.75,-1.25,-1.702619710695714,3.053234063132848e-06,-2.968958781429592,5.416924202463889
580,201.25,-1.25,-1.6195681111472195,4.801328498782453e-06,-2.968951149062036,5.3913839985013965
581,203.75,-1.25,-1.5365182380622469,6.712310823941969e-06,-2.9689397498534618,5.367001800289503
582,206.25,-1.25,-1.4534703922828345,7.504027196403307e-06,-2.968925166331701,5.34379425296424
583,208.75,-1.25,-1.3704238380712557,3.6456373637139272e-06,-2.968912275953926,5.321784174406677
584,211.25,-1.25,-1.2873748349197591,-1.3196688491978747e-05,-2.968916783786881,5.301010996388186
585,213.75,-1.25,-1.2043123581768629,-6.091227891824591e-05,-2.968978670159572,5.2815526063786455
586,216.25,-1.25,-1.121209461868737,-0.00017523625387017017,-2.9691881067792565,5.263568015316605
587,218.75,-1.25,-1.0380069365962408,-0.0004231551286418833,-2.969732366531332,5.247375565746628
588,221.25,-1.25,-0.9545843216803716,-0.0009224121902391413,-2.9709751266320836,5.233586835720496
589,223.75,-1.25,-0.8707121795196257,-0.0018650529753391765,-2.9735794550870764,5.223317296583963
590,226.25,-1.25,-0.7859811194266482,-0.003533811854776081,-2.97867496529949,5.218478221208716
591,228.75,-1.25,-0.6997132232110921,-0.0062777671220631825,-2.9880302162655425,5.222089532780596
592,231.25,-1.25,-0.6108926438284321,-0.01036487958478352,-3.004086297706749,5.238374640719038
593,233.75,-1.25,-0.5182274842773854,-0.015541374261751423,-3.0294700616626073,5.271983863406513
594,236.25,-1.25,-0.42059049008715793,-0.020002867686941733,-3.0651527857818905,5.3248819949087425
595,238.75,-1.25,-0.31825025239192944,-0.018493671412451895,-3.1057656477340174,5.3882353697077185
596,241.25,-1.25,-0.21502508902451933,6.85688702994347e-05,-3.1303759712949386,5.426233657208407
597,243.75,-1.25,-0.12009996586166433,0.05366514673540207,-3.089013031740535,5.3525464652680546
598,246.25,-1.25,-0.04709502320487234,0.16388890443301074,-2.890342550982382,5.009893816441846
599,248.75,-1.25,-0.008238175249814017,0.34758696809289125,-2.401382482163285,4.174165967855047
600,1.25,1.25,7.667877040686758,1.8840437560167573,2.6614149411520454,8.31557164554721
601,3.75,1.25,7.943292326565274,1.1898079373400645,-0.38485407245463854,7.450159838924475
602,6.25,1.25,8.11066915315919,0.6300450422147259,-2.1497644486801164,8.65645917986461
603,8.75,1.25,8.15092747881113,0.25953276423744054,-2.981841149291771,9.542728813065231
604,11.25,1.25,8.091528507786386,0.06088104823006546,-3.259985751183919,9.842075017534789
605,13.75,1.25,7.981653719980635,-0.020790377504241064,-3.2770100655743306,9.80252798256911
606,16.25,1.25,7.85813717720027,-0.04109664152278647,-3.205820216405634,9.63881744074422
607,18.75,1.25,7.740248394594147,-0.03670277968676672,-3.125944164885439,9.461049714568972
608,21.25,1.25,7.632665595052401,-0.026196236597563427,-3.0636279340215324,9.306753773301285
609,23.75,1.25,7.534255936415917,-0.0165796069924653,-3.022070222693479,9.180900157057845
610,26.25,1.25,7.442345198238925,-0.009665383365469182,-2.9969075802404888,9.077714124292163
611,28.75,1.25,7.3545188087979625,-0.00526833661231052,-2.9827421900186266,8.989881737897964
612,31.25,1.25,7.269054481143883,-0.002695647853766303,-2.975262446607303,8.911527086085826
613,33.75,1.25,7.184866785188291,-0.001288340841675506,-2.971559894950758,8.83866921916895
614,36.25,1.25,7.101326098489423,-0.0005655308583811802,-2.9698590586448006,8.768867497037462
615,38.75,1.25,7.018091074371085,-0.00021850261945388638,-2.969153161458024,8.70073257466188
616,41.25,1.25,6.93498807975098,-6.522248358464822e-05,-2.9689066963571804,8.633523782483712
617,43.75,1.25,6.851934708228924,-5.383061413510859e-06,-2.968852399424023,8.566872231972637
618,46.25,1.25,6.768895130208193,1.2932472778004467e-05,-2.9688662203037097,8.500609016273643
619,48.75,1.25,6.685855723465011,1.487507820030487e-05,-2.968895878298028,8.43466629518379
620,51.25,1.25,6.602812583628776,1.1688269204057633e-05,-2.96892257391265,8.369023873121433
621,53.75,1.25,6.519765541967558,7.848098967144779e-06,-2.9689417222589896,8.303682099227693
622,56.25,1.25,6.436715531045849,4.787585375254366e-06,-2.9689539199216597,8.23864904867049
623,58.75,1.25,6.353663561287277,2.717065662238838e-06,-2.9689610824341344,8.173934983454506
624,61.25,1.25,6.270610411302727,1.447422761202688e-06,-2.9689650179297757,8.1095502765066
625,63.75,1.25,6.1875565983567355,7.238234687179101e-07,-2.968967049794287,8.045504844785217
626,66.25,1.25,6.104502435660692,3.3682697875292433e-07,-2.9689680314855877,7.981808156475357
627,68.75,1.25,6.021448099880303,1.4248688273710286e-07,-2.968968468811795,7.918469401845961
628,71.25,1.25,5.938393684589215,5.159367333362752e-08,-2.9689686419359873,7.8554976696058665
629,73.75,1.25,5.855339236288529,1.2864461496064905e-08,-2.9689686966631825,7.7929020821508965
630,76.25,1.25,5.772284776456075,-1.3457395198201993e-09,-2.968968704078236,7.730691886607728
631,78.75,1.25,5.689230314080021,-5.0384585392748704e-09,-2.9689686962177575,7.6688765117633055
632,81.25,1.25,5.606175852346155,-4.819298737857025e-09,-2.9689686859991866,7.607465602273742
633,83.75,1.25,5.5231213919948345,-3.544641913322266e-09,-2.968968677678788,7.546469039054069
634,86.25,1.25,5.440066932890431,-2.289809231115214e-09,-2.9689686719884207,7.485896951770755
635,88.75,1.25,5.357012474679891,-1.3594245729109389e-09,-2.9689686684742185,7.425759727078647
636,91.25,1.25,5.273958017040286,-7.586606898257742e-10,-2.9689686664590056,7.366068014670429
637,93.75,1.25,5.190903559734068,-3.986144747614162e-10,-2.968968665372671,7.306832732205064
638,96.25,1.25,5.107849102613898,-1.970903440451366e-10,-2.968968664825354,7.248065069673757
639,98.75,1.25,5.024794645586951,-9.178791060548974e-11,-2.9689686645667734,7.18977649334934
640,101.25,1.25,4.9417401886060475,-3.6280312087910715e-11,-2.9689686644549624,7.13197874950633
641,103.75,1.25,4.858685731645778,-1.27613475342514e-11,-2.9689686644131257,7.074683867831936
642,106.25,1.25,4.775631274692898,-4.575895218295045e-12,-2.968968664402496,7.017904164525089
643,108.75,1.25,4.692576817744168,9.947598300641403e-13,-2.968968664395504,6.961652245043025
644,111.25,1.25,4.609522360797769,1.9468870959826745e-12,-2.968968664402041,6.905941006502255
645,113.75,1.25,4.526467903847561,-2.8990143619012088e-12,-2.968968664405338,6.850783639499769
646,116.25,1.25,4.443413446898262,8.384404281969182e-13,-2.9689686644013307,6.796193629574104
647,118.75,1.25,4.360358989948509,8.952838470577262e-13,-2.9689686644130404,6.742184758075124
648,121.25,1.25,4.277304532996254,-1.0231815394945443e-12,-2.9689686644042297,6.688771102275618
649,123.75,1.25,4.194250076044966,-1.7053025658242404e-12,-2.96896866440386,6.635967035108483
650,126.25,1.25,4.11119561909635,5.201172825763933e-12,-2.968968664407498,6.583787223867169
651,128.75,1.25,4.028141162146255,6.977529665164184e-12,-2.9689686644114204,6.5322466282986955
652,131.25,1.25,3.945086705194001,1.5489831639570184e-12,-2.9689686644080666,6.481360497781574
653,133.75,1.25,3.862032248239757,-3.225864020350855e-12,-2.96896866441341,6.431144367627159
654,136.25,1.25,3.778977791291709,-2.2168933355715126e-12,-2.9689686644194637,6.381614054296799
655,138.75,1.25,3.6959233343379765,1.8189894035458565e-12,-2.9689686644164226,6.3327856496298
656,141.25,1.25,3.6128688773877684,6.707523425575346e-12,-2.9689686644236417,6.28467551399127
657,143.75,1.25,3.529814420435059,6.0254023992456496e-12,-2.9689686644150584,6.237300268026675
658,146.25,1.25,3.446759963487807,8.668621376273222e-12,-2.968968664414035,6.1906767834131005
659,148.75,1.25,3.3637055065355526,1.3201884030422661e-11,-2.96896866440909,6.144822171990209
660,151.25,1.25,3.2806510495829,1.5901946426311042e-11,-2.968968664421027,6.099753773720637
661,153.75,1.25,3.197596592620357,2.2367885321727954e-11,-2.9689686644557014,6.055489142969823
662,156.25,1.25,3.1145421356456495,6.137668151495745e-11,-2.968968664537556,6.012046033384871
663,158.75,1.25,3.031487678641497,1.4870238373987377e-10,-2.9689686647250824,5.969442381132659
664,161.25,1.25,2.9484332215657787,2.852118541341042e-10,-2.9689686651066722,5.92769628644617
665,163.75,1.25,2.865378764374043,5.125997404320515e-10,-2.9689686658464325,5.886825993537669
666,166.25,1.25,2.7823243069601062,8.830625120026525e-10,-2.9689686671630398,5.846849868641378
667,168.75,1.25,2.6992698491885108,1.4318004559754627e-09,-2.9689686694056263,5.807786376461344
668,171.25,1.25,2.616215390889124,2.09887218716176e-09,-2.968968672851247,5.769654054373651
669,173.75,1.25,2.5331609319057407,2.581757030384324e-09,-2.9689686775660675,5.7324714849267915
670,176.25,1.25,2.4501064723217496,2.0063453121110797e-09,-2.968968682552429,5.696257265497099
671,178.75,1.25,2.367052012951376,-1.7487735703980434e-09,-2.9689686840465015,5.661029974898829
672,181.25,1.25,2.2839975564715473,-1.3469218629325042e-08,-2.9689686719572137,5.626808135517134
673,183.75,1.25,2.2009431097941956,-4.2903735675281496e-08,-2.9689686226162166,5.593610168148843
674,186.25,1.25,2.11788868856371,-1.0871806921386451e-07,-2.968968485634491,5.5614543361850215
675,188.75,1.25,2.034834325444308,-2.4450436342249304e-07,-2.9689681609012837,5.530358672895364
676,191.25,1.25,1.9517800841335884,-5.067530253199948e-07,-2.968967461682496,5.500340885025167
677,193.75,1.25,1.868726081386285,-9.826812572555355e-07,-2.9689660612163493,5.471418227624349
678,196.25,1.25,1.7856725176162058,-1.790523555200707e-06,-2.968963428255961,5.4436073565629135
679,198.75,1.25,1.7026197106910672,-3.0532312678133167e-06,-2.9689587814326615,5.416924202467036
680,201.25,1.25,1.6195681111520344,-4.801340253379749e-06,-2.9689511490626046,5.391383998505548
681,203.75,1.25,1.536518238062115,-6.712324307045492e-06,-2.9689397498536323,5.367001800291679
682,206.25,1.25,1.4534703922821564,-7.504040326011818e-06,-2.968925166336362,5.343794252973609
683,208.75,1.25,1.3704238380634024,-3.6456413567975687e-06,-2.968912275947673,5.321784174394703
684,211.25,1.25,1.287374834914715,1.319671363830821e-05,-2.968916783792679,5.30101099639365
685,213.75,1.25,1.2043123581830173,6.0912277149327565e-05,-2.96897867016537,5.281552606390028
686,216.25,1.25,1.1212094618692277,0.00017523623716897418,-2.9691881067734585,5.2635680153086755
687,218.75,1.25,1.0380069366014482,0.00042315511393553606,-2.969732366530934,5.2473755657484356
688,221.25,1.25,0.9545843216776575,0.0009224121459396883,-2.9709751266346984,5.233586835728486
689,223.75,1.25,0.870712179513589,0.0018650529471528898,-2.9735794550729793,5.223317296561222
690,226.25,1.25,0.7859811194130089,0.0035338118678112096,-2.97867496529625,5.2184782212001455
691,228.75,1.25,0.6997132231899172,0.006277767144609925,-2.98803021626361,5.22208953277297
692,231.25,1.25,0.610892643800355,0.010364879632476232,-3.0040862977044753,5.238374640709194
693,233.75,1.25,0.5182274842578636,0.015541374314295808,-3.029470061668917,5.271983863413072
694,236.25,1.25,0.4205904900614428,0.020002867714850936,-3.0651527857833116,5.324881994908217
695,238.75,1.25,0.3182502523738435,0.018493671443792437,-3.105765647733506,5.3882353697049785
696,241.25,1.25,0.21502508900982775,-6.856886798800588e-05,-3.1303759713043746,5.42623365722411
697,243.75,1.25,0.12009996585305771,-0.05366514675148437,-3.0890130317371813,5.352546465262353
698,246.25,1.25,0.047095023204974495,-0.16388890445625748,-2.890342550986361,5.009893816449605
699,248.75,1.25,0.008238175244912327,-0.347586968134749,-2.401382482161921,4.1741659678560055
700,1.25,3.75,23.064075501110363,5.613896394842806,2.02690310628055,21.126123396251185
701,3.75,3.75,23.910418491669805,3.4528828058865306,-0.8505455274707803,22.433031946427477
702,6.25,3.75,24.39737381607593,1.7552442239895942,-2.3431871049813164,23.91570528675385
703,8.75,3.75,24.468986807227026,0.6784215622838836,-2.9297505865657634,24.664581862046774
704,11.25,3.75,24.25390500752072,0.13527534367586114,-3.063669614008859,24.76181468932507
705,13.75,3.75,23.906792701713428,-0.07234283646125661,-3.030534765377517,24.511668218542454
706,16.25,3.75,23.539845165677754,-0.11588006825221697,-2.962628766465734,24.14947297773632
707,18.75,3.75,23.195668549949815,-0.09938875948721915,-2.9028684947320187,23.78306630399921
708,21.25,3.75,22.88206588185207,-0.06953568942420674,-2.860748285733166,23.44646107034157
709,23.75,3.75,22.593496613737813,-0.04349303252715231,-2.8342612246522947,23.141947857315003
710,26.25,3.75,22.32201159043035,-0.02513503163356745,-2.81886678767777,22.86201932421086
711,28.75,3.75,22.061007864399414,-0.01360013124488546,-2.8104830413794417,22.5983346806055
712,31.25,3.75,21.8059597489478,-0.006908427844905418,-2.8061918451429335,22.34445593908837
713,33.75,3.75,21.554081019496124,-0.003274479778724526,-2.804138425252205,22.096121257894925
714,36.25,3.75,21.30378359708618,-0.0014213186023965818,-2.8032351134728657,21.850763335402597
715,38.75,3.75,21.054219494049562,-0.0005388186225161462,-2.8028847430654764,21.60694313983854
716,41.25,3.75,20.80496397201682,-0.00015325951075340072,-2.8027791411765293,21.363904774213182
717,43.75,3.75,20.555819078148375,-5.453899746044044e-06,-2.8027694578706956,21.121277423131712
718,46.25,3.75,20.30670090075347,3.781604905839231e-05,-2.80278939891636,20.87889409904002
719,48.75,3.75,20.057578940941085,4.0580596120776136e-05,-2.802812727933599,20.636689089793926
720,51.25,3.75,19.808445503780206,3.116812561643201e-05,-2.802831155981238,20.394643496563045
721,53.75,3.75,19.559301291858333,2.0668654016731125e-05,-2.802843564587235,20.152758096705554
722,56.25,3.75,19.310149211634325,1.2499092335360729e-05,-2.8028511490564227,19.911040779118018
723,58.75,3.75,19.060992064016887,7.04267098683431e-06,-2.8028554603160956,19.669501275287583
724,61.25,3.75,18.811831916237793,3.7263406795773335e-06,-2.8028577604405314,19.428149289659252
725,63.75,3.75,18.562670108136615,1.8499402756333438e-06,-2.802858912514324,19.18699407030877
726,66.25,3.75,18.31350743670498,8.531953170631823e-07,-2.8028594496671815,18.946044502560856
727,68.75,3.75,18.064344344796496,3.5626079863959603e-07,-2.8028596775316146,18.705309334185344
728,71.25,3.75,17.815181063600505,1.2587318565238093e-07,-2.8028597604676975,18.464797388462284
729,73.75,3.75,17.56601770621552,2.8935630780324573e-08,-2.802859781476485,18.2245177277932
730,76.25,3.75,17.316854323849043,-5.814115411340026e-09,-2.802859779656899,17.984479770272657
731,78.75,3.75,17.067690937293378,-1.4205795650923392e-08,-2.8028597718218577,17.744693372242825
732,81.25,3.75,16.81852755349513,-1.301535235143092e-08,-2.802859764246307,17.505168889806992
733,83.75,3.75,16.56936417373055,-9.403464673596318e-09,-2.8028597586457806,17.265917228963612
734,86.25,3.75,16.32020079734764,-6.018751719238935e-09,-2.802859755018204,17.026949890772446
735,88.75,3.75,16.071037423313783,-3.548848326317966e-09,-2.802859752857728,16.788279015466557
736,91.25,3.75,15.82187405074501,-1.9562378383852774e-09,-2.8028597516585307,16.54991742792065
737,93.75,3.75,15.572710679022293,-1.0152234608540311e-09,-2.802859751027711,16.311878685796376
738,96.25,3.75,15.323547307758531,-4.934861408401048e-10,-2.802859750722348,16.074177131266588
739,98.75,3.75,15.074383936728282,-2.2288304535322823e-10,-2.802859750581945,15.836827946894804
740,101.25,3.75,14.825220565807058,-8.898837222659495e-11,-2.802859750524817,15.59984721622247
741,103.75,3.75,14.576057194935515,-2.7540636438061483e-11,-2.802859750505206,15.363251989518337
742,106.25,3.75,14.326893824081935,5.684341886080801e-13,-2.8028597505011703,15.127060355186245
743,108.75,3.75,14.07773045323438,6.792788553866558e-12,-2.802859750498442,14.891291517417809
744,111.25,3.75,13.828567082386826,1.9610979506978765e-12,-2.8028597505051493,14.655965880659341
745,113.75,3.75,13.579403711539385,3.780087354243733e-12,-2.80285975050478,14.421105141559623
746,116.25,3.75,13.330240340690011,-2.3874235921539366e-12,-2.802859750503245,14.186732389227778
747,118.75,3.75,13.08107696983734,-3.097966327914037e-12,-2.802859750510123,13.952872214491839
748,121.25,3.75,12.831913598986262,2.5579538487363607e-13,-2.802859750503927,13.71955082919372
749,123.75,3.75,12.58275022813234,-2.2168933355715126e-12,-2.8028597505011135,13.486796196522354
750,126.25,3.75,12.33358685728092,-2.4726887204451486e-12,-2.8028597505035577,13.254638173450898
751,128.75,3.75,12.08442348642734,-1.7337242752546445e-12,-2.802859750508844,13.023108666612789
752,131.25,3.75,11.83526011557501,-4.064304448547773e-12,-2.8028597505076505,12.792241802999822
753,133.75,3.75,11.586096744722227,-2.9842794901924208e-12,-2.8028597505096116,12.56207411700703
754,136.25,3.75,11.336933373868646,-2.2737367544323206e-13,-2.802859750519275,12.332644755557594
755,138.75,3.75,11.087770003014612,-2.8421709430404007e-12,-2.8028597505139032,12.103995703193831
756,141.25,3.75,10.838606632163533,8.895995051716454e-12,-2.802859750520554,11.876172029317667
757,143.75,3.75,10.58944326131109,1.1738165994756855e-11,-2.8028597505144717,11.649222159765204
758,146.25,3.75,10.340279890461716,3.467448550509289e-12,-2.8028597505131074,11.423198175475655
759,148.75,3.75,10.091116519608477,1.5347723092418164e-12,-2.802859750506741,11.198156140871218
760,151.25,3.75,9.84195314875467,1.503508428868372e-11,-2.8028597505115727,10.974156465316474
761,153.75,3.75,9.59278977788199,6.505729288619477e-11,-2.8028597505293646,10.751264300789266
762,156.25,3.75,9.343626406973954,1.5845103007450234e-10,-2.8028597505682455,10.529549979732607
763,158.75,3.75,9.094463035984177,3.618652044679038e-10,-2.8028597506660162,10.309089496910106
764,161.25,3.75,8.845299664836489,7.15033365850104e-10,-2.8028597508979374,10.08996503978298
765,163.75,3.75,8.596136293382074,1.3131113973940955e-09,-2.802859751326878,9.87226557178935
766,166.25,3.75,8.346972921367524,2.3054553821566515e-09,-2.8028597521241636,9.656087473766572
767,168.75,3.75,8.097809548427222,3.764483835766441e-09,-2.8028597535272866,9.441535248355754
768,171.25,3.75,7.8486461740748155,5.594046115220408e-09,-2.8028597557751027,9.228722292578999
769,173.75,3.75,7.599482797827022,7.077289865264902e-09,-2.8028597590714526,9.017771744048046
770,176.25,3.75,7.350319419673951,6.041801725586993e-09,-2.8028597631133607,8.8088174054107
771,178.75,3.75,7.1011560412711106,-2.937525778179406e-09,-2.802859766194956,8.602004751812473
772,181.25,3.75,6.851992668661978,-3.201535037078429e-08,-2.802859763209881,8.39749202485059
773,183.75,3.75,6.602829318093086,-1.0619544354995014e-07,-2.8028597414195247,8.19545141497837
774,186.25,3.75,6.353666027262761,-2.737709792199894e-07,-2.802859672620059,7.9960703322720885
775,188.75,3.75,6.10450287622416,-6.222341539796616e-07,-2.8028594989855264,7.799552761371629
776,191.25,3.75,5.855340023464919,-1.2998860370316834e-06,-2.802859109415351,7.606120690822913
777,193.75,3.75,5.606177763714754,-2.538165574605955e-06,-2.8028583034642907,7.41601559839782
778,196.25,3.75,5.357016611018025,-4.656602186514647e-06,-2.802856742951917,7.229499960631654
779,198.75,3.75,5.107857397491557,-8.002248250704724e-06,-2.8028539039670477,7.04685873907418
780,201.25,3.75,4.858701339750155,-1.271160920168768e-05,-2.8028490712388248,6.86840077597378
781,203.75,3.75,4.609549932347022,-1.8057526460779627e-05,-2.802841488850845,6.694460026848114
782,206.25,3.75,4.360404325655622,-2.0910681030272826e-05,-2.8028309272623346,6.525396592017397
783,208.75,3.75,4.111263436059289,-1.2441449086963985e-05,-2.8028192171701676,6.361597667514248
784,211.25,3.75,3.8621192595023786,2.846210873030941e-05,-2.8028138343310616,6.20347897724525
785,213.75,3.75,3.6129464732481438,0.0001475254439924356,-2.8028355423157336,6.051488285586642
786,216.25,3.75,3.3636811088420018,0.00043676269172010507,-2.8029335780641986,5.906114762806962
787,218.75,3.75,3.114179593930089,0.0010698724973394746,-2.8032139927096296,5.767912098805564
788,221.25,3.75,2.8641449278695745,0.00235455045276467,-2.8038892986098745,5.637550313264535
789,223.75,3.75,2.613002657632933,0.004797735424460825,-2.8053593214045804,5.515921697977768
790,226.25,3.75,2.359710717742246,0.009157620791256704,-2.8083305374228758,5.404338111164179
791,228.75,3.75,2.1025073759186625,0.016400363353000103,-2.8139652877123353,5.304858742147896
792,231.25,3.75,1.8386710830366155,0.027356531323619038,-2.824002432834959,5.220740300981986
793,233.75,3.75,1.5645426561884506,0.0416299591815914,-2.8406617237707223,5.1567889249326315
794,236.25,3.75,1.2764327745293258,0.054942517949541525,-2.8658294073728143,5.118701344485118
795,238.75,3.75,0.9735731379300887,0.053766810371428164,-2.8983287337848083,5.108749157059358
796,241.25,3.75,0.6644854664252762,0.007146629566022966,-2.9265544070270266,5.11184949600357
797,243.75,3.75,0.3749543365042882,-0.1393058576304611,-2.9128570467545387,5.066205556068096
798,246.25,3.75,0.14778011303519634,-0.4564608226227733,-2.772359402354141,4.832761244239748
799,248.75,3.75,0.025909672824354857,-1.0030265217196757,-2.3619309797275037,4.215314396628135
800,1.25,6.25,38.66114491154467,9.203887580618524,0.6696463357332214,34.998687398374585
801,3.75,6.25,40.15995054724678,5.320178646687213,-1.7817070996345965,37.90766753577911
802,6.25,6.25,40.856338389998996,2.444649133231218,-2.639118204178887,39.95287371989012
803,8.75,6.25,40.809546335729614,0.8109488314718192,-2.7254052412247205,40.684957384863495
804,11.25,6.25,40.312668491398554,0.09265481452678159,-2.617467785416391,40.520835082867926
805,13.75,6.25,39.70839689141043,-0.1335476088515435,-2.5369358652165417,40.017317636973694
806,16.25,6.25,39.12085174238147,-0.16424680891640264,-2.4949973164149384,39.44069634211802
807,18.75,6.25,38.582650206996206,-0.1309920970040892,-2.4770615297482124,38.885724625496785
808,21.25,6.25,38.08964914108819,-0.08846536658437998,-2.4705669731960427,38.3732969145702
809,23.75,6.25,37.629125909135766,-0.054100781764802264,-2.4688547084020485,37.89822607223968
810,26.25,6.25,37.189210477939696,-0.030744904063084277,-2.468859910059116,37.44953281012252
811,28.75,6.25,36.761337330019245,-0.016392972931924987,-2.4693225711000935,37.01744832520542
812,31.25,6.25,36.340045508328416,-0.008204345428282522,-2.469789005141962,36.59503647128466
813,33.75,6.25,35.92213203720783,-0.003821372341704432,-2.470136458254018,36.17791562418278
814,36.25,6.25,35.50583985707527,-0.001618710372937926,-2.4703621409438483,35.763531810630795
815,38.75,6.25,35.090263513630305,-0.0005875864609663495,-2.4704964376272045,35.35049179728637
816,41.25,6.25,34.67496648240342,-0.00014764867502492507,-2.470571059353631,34.938082150690605
817,43.75,6.25,34.2597548454973,1.4163290529722872e-05,-2.470610014694529,34.52596209198292
818,46.25,6.25,33.84455217742243,5.647580792356166e-05,-2.4706290733663536,34.11398283328289
819,48.75,6.25,33.42933456011599,5.428102619475794e-05,-2.470637704110814,33.702088163071565
820,51.25,6.25,33.01409896941891,4.002052190799077e-05,-2.470641210580709,33.29026304337315
821,53.75,6.25,32.598849063951945,2.592254270439298e-05,-2.4706423835039004,32.878508734604026
822,56.25,6.25,32.18358947753518,1.541279826255959e-05,-2.4706426002289703,32.4668316931877
823,58.75,6.25,31.76832395617589,8.560884566577442e-06,-2.4706424914378147,32.05523916587041
824,61.25,6.25,31.353055052997433,4.467490242632266e-06,-2.4706423177026693,31.643737792380186
825,63.75,6.25,30.9377843414768,2.184586037401459e-06,-2.4706421692081335,31.232333415201122
826,66.25,6.25,30.522512722029546,9.885218332783552e-07,-2.4706420651790495,30.821031282826713
827,68.75,6.25,30.10724067803403,4.010797169939906e-07,-2.4706419998915123,30.409836317292918
828,71.25,6.25,29.691968453190384,1.3377351137933147e-07,-2.4706419619906512,29.99875333686887
829,73.75,6.25,29.276696162024905,2.4384348762396257e-08,-2.4706419413765275,29.58778721461098
830,76.25,6.25,28.861423853669066,-1.2756345313391648e-08,-2.4706419308462557,29.176942983812943
831,78.75,6.25,28.446151546369265,-2.007709554163739e-08,-2.4706419258178585,28.766225907250146
832,81.25,6.25,28.03087924503302,-1.7101825733334408e-08,-2.470641923611538,28.355641524626503
833,83.75,6.25,27.61560694955392,-1.1963464885411668e-08,-2.4706419227574656,27.945195688241107
834,86.25,6.25,27.200334658427323,-7.498158538510324e-09,-2.470641922506104,27.534894593263456
835,88.75,6.25,26.785062370138007,-4.3485499645612435e-09,-2.4706419224866636,27.1247448064697
836,91.25,6.25,26.36979008353785,-2.3665336357225897e-09,-2.4706419225384764,26.7147532955195
837,93.75,6.25,25.954517797881977,-1.206700517286663e-09,-2.4706419225942398,26.30492746009637
838,96.25,6.25,25.539245512720072,-5.759375198977068e-10,-2.470641922640681,25.895275165624913
839,98.75,6.25,25.12397322780157,-2.519300323911011e-10,-2.4706419226696994,25.48580478006882
840,101.25,6.25,24.70870094299221,-9.561063052387908e-11,-2.4706419226883156,25.076525214291983
841,103.75,6.25,24.293428658225594,-2.461320036672987e-11,-2.470641922698235,24.66744596636378
842,106.25,6.25,23.878156373475235,-3.410605131648481e-13,-2.4706419227025833,24.258577170287435
843,108.75,6.25,23.46288408873056,6.536993168992922e-12,-2.4706419227028675,23.849929649617483
844,111.25,6.25,23.047611803982704,6.0822458181064576e-12,-2.470641922705738,23.441514976588778
845,113.75,6.25,22.63233951923189,3.979039320256561e-12,-2.4706419227033507,23.033345537380224
846,116.25,6.25,22.21706723448267,-5.115907697472721e-13,-2.470641922705653,22.62543460427284
847,118.75,6.25,21.80179494973038,-4.149569576838985e-12,-2.470641922705056,22.21779641550581
848,121.25,6.25,21.386522664976724,2.0463630789890885e-12,-2.470641922700196,21.810446263892228
849,123.75,6.25,20.971250380222386,-7.389644451905042e-13,-2.470641922699997,21.403400595246573
850,126.25,6.25,20.555978095467253,-5.115907697472721e-12,-2.4706419226993717,20.99667711786876
851,128.75,6.25,20.140705810712916,2.3874235921539366e-12,-2.470641922703237,20.59029492465548
852,131.25,6.25,19.72543352595676,-5.115907697472721e-13,-2.470641922707557,20.184274629465122
853,133.75,6.25,19.310161241203787,-1.3073986337985843e-12,-2.4706419227056244,19.778638519675862
854,136.25,6.25,18.894888956447176,5.4001247917767614e-12,-2.47064192271489,19.373410727262158
855,138.75,6.25,18.479616671693066,1.3301360013429075e-11,-2.4706419227117067,18.968617420973313
856,141.25,6.25,18.06434438693941,2.1600499167107046e-12,-2.4706419227168226,18.5642870226887
857,143.75,6.25,17.649072102185073,3.069544618483633e-12,-2.470641922714151,18.1604504514313
858,146.25,6.25,17.233799817435283,1.0629719326971099e-11,-2.4706419227124456,17.757141399393145
859,148.75,6.25,16.81852753268413,8.86757334228605e-12,-2.4706419227092624,17.35439664460423
860,151.25,6.25,16.403255247928428,2.603428583825007e-11,-2.470641922700281,16.95225640612119
861,153.75,6.25,15.98798296315681,7.315748007385992e-11,-2.47064192269778,16.55076474848211
862,156.25,6.25,15.572710678353815,1.9815615814877674e-10,-2.470641922674986,16.149970043280778
863,158.75,6.25,15.157438393468055,4.2240344555466436e-10,-2.4706419226533853,15.749925497452175
864,161.25,6.25,14.742166108412675,8.433858056378085e-10,-2.4706419226465073,15.35068975927184
865,163.75,6.25,14.3268938230201,1.6028707250370644e-09,-2.470641922611719,14.95232761553956
866,166.25,6.25,13.91162153700202,2.8575755095516797e-09,-2.470641922597565,14.554910795951816
867,168.75,6.25,13.496349249889818,4.742901182908099e-09,-2.470641922657535,14.158518903507117
868,171.25,6.25,13.081076961021381,7.206836016848683e-09,-2.4706419228861023,13.76324049412994
869,173.75,6.25,12.665804669602949,9.54429424382397e-09,-2.4706419235790236,13.369174333192326
870,176.25,6.25,12.250532375074044,9.325617611466441e-09,-2.470641925228392,12.976430862397498
871,178.75,6.25,11.83526007825003,2.906972440541722e-10,-2.4706419288248753,12.58513391815045
872,181.25,6.25,11.41998778401853,-3.178519136781688e-08,-2.470641936117147,12.195422751164513
873,183.75,6.25,11.004715507359606,-1.167657615042117e-07,-2.470641949986998,11.807454408889397
874,186.25,6.25,10.589443285488187,-3.1308167081078864e-07,-2.470641974711043,11.421406555829444
875,188.75,6.25,10.174171201125091,-7.280741556314752e-07,-2.4706420158352103,11.037480824381332
876,191.25,6.25,9.758899424204856,-1.5466423519683303e-06,-2.4706420783620615,10.655906808122669
877,193.75,6.25,9.343628281692872,-3.0633300980298372e-06,-2.470642161008641,10.276946830276897
878,196.25,6.25,8.928358364705446,-5.69838874753259e-06,-2.470642241316739,9.900901636701114
879,198.75,6.25,8.513090672160843,-9.943101304088486e-06,-2.470642242317126,9.528117164876761
880,201.25,6.25,8.097826756276163,-1.6103766938613262e-05,-2.4706419625542253,9.158992504737496
881,203.75,6.25,7.68256874519534,-2.3562754677186604e-05,-2.4706409403209477,8.793989055921099
882,206.25,6.25,7.267318912533028,-2.899069784234598e-05,-2.470638204881652,8.433640630250373
883,208.75,6.25,6.852078029822906,-2.2443184434450814e-05,-2.4706318499696636,8.078563753786312
884,211.25,6.25,6.436840886017535,2.0545251572912093e-05,-2.470618358508773,7.729466577068274
885,213.75,6.25,6.02158578389367,0.00015398031166569126,-2.4705916485768853,7.387153541987476
886,216.25,6.25,5.60625209869977,0.0004882062012825372,-2.4705419871664276,7.052521460905813
887,218.75,6.25,5.190695614115839,0.0012344980065677191,-2.47045542425559,6.726541800115421
888,221.25,6.25,4.774605057905774,0.0027728649748155476,-2.470315657697256,6.410226217429351
889,223.75,6.25,4.3573557935308145,0.005741494661890556,-2.4701131432709644,6.10458365188232
890,226.25,6.25,3.937771751856417,0.011122691226660208,-2.469872652522781,5.810609625822515
891,228.75,6.25,3.5137758158111865,0.020238648370423107,-2.4697238423183308,5.529423440597183
892,231.25,6.25,3.0819603985669346,0.03442727014430602,-2.4700649614211443,5.262815253547311
893,233.75,6.25,2.6372711132521545,0.05386917280787884,-2.4719060050172743,5.014677566120642
894,236.25,6.25,2.173399337166529,0.07443358652335519,-2.4774763964525732,4.793860554388784
895,238.75,6.25,1.6854144134533726,0.0805021344477268,-2.490810353233883,4.617773438394997
896,241.25,6.25,1.1776873625490225,0.030433331966776223,-2.5162826646950407,4.510772451263649
897,243.75,6.25,0.6818542307178177,-0.16415244869557455,-2.545704231156094,4.477234565841332
898,246.25,6.25,0.27426432352854135,-0.6405632026402941,-2.5187597721271686,4.437755980024712
899,248.75,6.25,0.04775023425690961,-1.5331612273987503,-2.277047171263746,4.240389569640154
900,1.25,8.75,54.768337066696986,12.488014413480776,-1.601882546456494,49.79228403507193
901,3.75,8.75,56.89910580130251,6.310177686713207,-3.1218470639913836,54.291075720391206
902,6.25,8.75,57.599829301078586,2.339372366392123,-2.7660176929043843,56.66937542657907
903,8.75,8.75,56.95597186023871,0.5346659949055912,-2.1350362926253794,56.8110140450109
904,11.25,8.75,56.10736032031271,-0.026469224114137546,-1.8848176636460074,56.21547219319227
905,13.75,8.75,55.29204467182249,-0.16886715487355275,-1.8308008568357934,55.46738884885292
906,16.25,8.75,54.55529534118317,-0.16163968623312286,-1.85199300683459,54.73037833109949
907,18.75,8.75,53.88074215319803,-0.1185118952018911,-1.8888294415063882,54.039216860475314
908,21.25,8.75,53.247288481252156,-0.07641968596693971,-1.9205253387416121,53.389268250919734
909,23.75,8.75,52.638443691850384,-0.045327006959936966,-1.942617331070025,52.768504225780035
910,26.25,8.75,52.043419103109926,-0.025143943038401062,-1.956370639913743,52.166165655215835
911,28.75,8.75,51.45571726745791,-0.013113949941313763,-1.9642832754037585,51.5746160969016
912,31.25,8.75,50.871672251442845,-0.006411619962619852,-1.9685461931057944,50.98900637333114
913,33.75,8.75,50.28933112659951,-0.002901543220360736,-1.9707019522262925,50.406485185946416
914,36.25,8.75,49.7077137231264,-0.001177679184166891,-1.9717184324380526,49.82547907885492
915,38.75,8.75,49.126360733997956,-0.00039313595974022064,-1.9721565129017904,49.245170691089804
916,41.25,8.75,48.54507560423326,-7.19567453018044e-05,-1.972320560030738,48.665162115687046
917,43.75,8.75,47.963785576315104,3.717383123102991e-05,-1.9723657101678782,48.08527449540434
918,46.25,8.75,47.38247125502306,5.877198398707151e-05,-1.9723658128328054,47.505436301265505
919,48.75,8.75,46.801133244654466,5.012862612829849e-05,-1.972353120167071,46.92562474173148
920,51.25,8.75,46.21977766784937,3.5083529098756117e-05,-1.9723399895103455,46.345836935116495
921,53.75,8.75,45.63841067368446,2.200361748805335e-05,-1.9723300338801266,45.76607675886
922,56.25,8.75,45.05703687392315,1.276714169762272e-05,-1.9723234797298232,45.18634944687101
923,58.75,8.75,44.475659285857546,6.940917330666707e-06,-1.9723195366169648,44.60665974126984
924,61.25,8.75,43.89427971667487,3.545314257280552e-06,-1.972317324424779,44.027011516924134
925,63.75,8.75,43.31289917645404,1.691924779834153e-06,-1.9723161587486686,43.447407918973624
926,66.25,8.75,42.73151819552072,7.41408058502202e-07,-1.9723155826312677,42.86785161266071
927,68.75,8.75,42.15013703494526,2.85665038290972e-07,-1.9723153183973636,42.288345003906194
928,71.25,8.75,41.56875581387408,8.4690952917299e-08,-1.9723152089669895,41.70889039813406
929,73.75,8.75,40.98737458128471,6.4358118834206834e-09,-1.9723151709201545,41.12949010385471
930,76.25,8.75,40.40599335395598,-1.7365493931720266e-08,-1.9723151626703554,40.55014649695242
931,78.75,8.75,39.82461213532122,-1.974558472284116e-08,-1.972315164936873,39.97086206031406
932,81.25,8.75,39.24323092416921,-1.5458738289453322e-08,-1.9723151696184118,39.391639409387906
933,83.75,8.75,38.66184971828022,-1.035897412293707e-08,-1.972315173804077,38.81248131044748
934,86.25,8.75,38.0804685156977,-6.3099605540628545e-09,-1.9723151768007483,38.23339069563731
935,88.75,8.75,37.49908731503956,-3.576360541046597e-09,-1.9723151787095503,37.65437067708841
936,91.25,8.75,36.917706115429155,-1.8989112504641525e-09,-1.9723151798240224,37.075424561304644
937,93.75,8.75,36.33632491635376,-9.485461305303033e-10,-1.9723151804375334,36.49655586455044
938,96.25,8.75,35.754943717537344,-4.391722541186027e-10,-1.9723151807527302,35.91776832956982
939,98.75,8.75,35.17356251883416,-1.837747731769923e-10,-1.9723151809062074,35.33906594395639
940,101.25,8.75,34.59218132017327,-6.997424861765467e-11,-1.97231518097351,34.76045296036087
941,103.75,8.75,34.01080012152761,-1.659827830735594e-11,-1.9723151809991464,34.18193391876279
942,106.25,8.75,33.42941892288127,7.958078640513122e-13,-1.972315181008696,33.60351367106092
943,108.75,8.75,32.848037724233336,2.1600499167107046e-12,-1.9723151810055128,33.02519740822543
944,111.25,8.75,32.26665652558336,3.410605131648481e-12,-1.9723151810050013,32.446990690347995
945,113.75,8.75,31.685275326930878,7.332801033044234e-12,-1.9723151810009085,31.868899479944428
946,116.25,8.75,31.10389412827749,5.343281372915953e-12,-1.9723151810037507,31.290930178928562
947,118.75,8.75,30.522512929622962,-5.343281372915953e-12,-1.9723151810013064,30.713089669696025
948,121.25,8.75,29.941131730965708,-5.172751116333529e-12,-1.9723151809933483,30.135385360912956
949,123.75,8.75,29.359750532310272,6.252776074688882e-13,-1.9723151809973274,29.55782523865808
950,126.25,8.75,28.778369333655746,3.0127011996228248e-12,-1.9723151809969295,28.980417923552857
951,128.75,8.75,28.1969881349994,1.7053025658242404e-12,-1.9723151809966453,28.403172734834016
952,131.25,8.75,27.615606936342374,1.028865881380625e-11,-1.9723151810022728,27.826099762307923
953,133.75,8.75,27.03422573768421,5.172751116333529e-12,-1.9723151810017043,27.249209947364655
954,136.25,8.75,26.452844539025364,6.536993168992922e-12,-1.9723151810046602,26.672515174338834
955,138.75,8.75,25.871463340367427,4.376943252282217e-12,-1.9723151810081276,26.096028373903334
956,141.25,8.75,25.290082141709718,-6.252776074688882e-13,-1.9723151810120498,25.519763640249344
957,143.75,8.75,24.708700943054282,-1.2505552149377763e-12,-1.972315181009094,24.943736364326803
958,146.25,8.75,24.12731974439862,-1.0913936421275139e-11,-1.9723151810133004,24.36796338573409
959,148.75,8.75,23.54593854574682,4.263256414560601e-12,-1.9723151810045465,23.79246316629803
960,151.25,8.75,22.96455734709889,2.347633198951371e-11,-1.9723151809992032,23.217255989183005
961,153.75,8.75,22.38317614843959,5.445599526865408e-11,-1.97231518097675,22.642364187738657
962,156.25,8.75,21.801794949771647,1.4227907740860246e-10,-1.9723151809128012,22.067812409646855
963,158.75,8.75,21.220413751069145,3.1462832339457236e-10,-1.972315180811563,21.493627922648777
964,161.25,8.75,20.63903255228456,6.615437087020837e-10,-1.972315180600276,20.919840969650966
965,163.75,8.75,20.057651353311257,1.2990426512260456e-09,-1.9723151801903782,20.346485182826083
966,166.25,8.75,19.4762701539712,2.3685515770921484e-09,-1.9723151794623845,19.7735980682766
967,168.75,8.75,18.89488895392492,4.044466095365351e-09,-1.9723151782824289,19.2012215755192
968,171.25,8.75,18.313507752621263,6.3540710470988415e-09,-1.9723151764860631,18.629402769684955
969,173.75,8.75,17.732126549244413,8.889628588804044e-09,-1.9723151742054483,18.058194628477946
970,176.25,8.75,17.15074534270093,9.982045412471052e-09,-1.9723151721535714,17.487656991544053
971,178.75,8.75,16.56936413200856,5.0394532991049346e-09,-1.9723151727638424,16.917857697644067
972,181.25,8.75,15.98798291732055,-1.692387741059065e-08,-1.9723151822706768,16.34887395418286
973,183.75,8.75,15.406601702771013,-7.9413439380005e-08,-1.9723152146885923,15.780793996804922
974,186.25,8.75,14.825220502768616,-2.294457885909651e-07,-1.972315299182128,15.213719113860986
975,188.75,8.75,14.243839355277487,-5.553131359192776e-07,-1.972315492437815,14.64776613323253
976,191.25,8.75,13.662458347666416,-1.212625306834525e-06,-1.972315898166869,14.08307049885249
977,193.75,8.75,13.081077664134,-2.4564898239987087e-06,-1.9723166937150722,13.51979010227478
978,196.25,8.75,12.499697667275768,-4.666989184443082e-06,-1.9723181593346908,12.958110081111327
979,198.75,8.75,11.91831902744866,-8.328227067977423e-06,-1.9723206896644,12.398248844381856
980,201.25,8.75,11.336942906688364,-1.3861938441550592e-05,-1.9723247330526306,11.840465623426379
981,203.75,8.75,10.755571171385554,-2.1096430373290787e-05,-1.9723305301037612,11.285069839716614
982,206.25,8.75,10.174206518551955,-2.7918582532038272e-05,-1.972337375172458,10.732432459459293
983,208.75,8.75,9.592852184972116,-2.7240125518801506e-05,-1.972341850028954,10.182999139452523
984,211.25,8.75,9.011510443247744,-7.050936119412654e-07,-1.9723339968100504,9.637304135889881
985,213.75,8.75,8.430178150897518,9.352194467737718e-05,-1.9722896136703412,9.095982311907676
986,216.25,8.75,7.848835846172051,0.0003430305174560999,-1.972155702500288,8.559773724364257
987,218.75,8.75,7.267423728045287,0.0009192153037247408,-1.971824666867235,8.029510926040341
988,221.25,8.75,6.685792592053076,0.0021373266830551074,-1.9710917405484452,7.506073899062524
989,223.75,8.75,6.103609664991836,0.004541097766946223,-1.9695911862595494,6.990294900710883
990,226.25,8.75,5.520188048864611,0.00899954109115697,-1.9667148508135597,6.482806478726839
991,228.75,8.75,4.934195769494181,0.016761225427103454,-1.961542905544377,5.983879792714136
992,231.25,8.75,4.343194106677174,0.02930918113986536,-1.9528849625837665,5.493466814756746
993,233.75,8.75,3.7429795476737127,0.04761669377023736,-1.9396874178860912,5.012095048005007
994,236.25,8.75,3.1268585700511267,0.0698702670347302,-1.9223769109492537,4.54425471241443
995,238.75,8.75,2.4855523393569,0.0852535556523435,-1.9062254324546757,4.107848904689022
996,241.25,8.75,1.8107801131175165,0.058704728597717803,-1.9077210371245883,3.754233367092948
997,243.75,8.75,1.1115443119656447,-0.1083573016541095,-1.9610473331839557,3.5923301537528847
998,246.25,8.75,0.47115982400305256,-0.6385083814379868,-2.082985635374996,3.7345697879514406
999,248.75,8.75,0.08839243412194264,-1.8277655163911959,-2.126484592226859,4.132300910056217
1000,1.25,11.25,71.82677049331986,14.828396403734718,-5.393699558847429,66.34128773942096
1001,3.75,11.25,75.1354334536409,5.50091618330946,-4.3904841640505765,72.9390757473765
1002,6.25,11.25,73.70604636203325,1.0341534364054077,-1.843194157626332,73.26403945068272
1003,8.75,11.25,72.45123251107533,0.15836029268874086,-1.102052529176337,72.39735030580385
1004,11.25,11.25,71.45235656046036,-0.10332633693027304,-0.9693248794161917,71.52378357448003
1005,13.75,11.25,70.62014972578541,-0.12742199134059717,-1.027077185464762,70.7063293234613
1006,16.25,11.25,69.854500456034,-0.10144067717124017,-1.1158274872578886,69.93198713712287
1007,18.75,11.25,69.11172909703133,-0.06821572082380101,-1.1895259181346773,69.1765507546704
1008,21.25,11.25,68.3736653547187,-0.04184920569842632,-1.2401376311624404,68.42832069409228
1009,23.75,11.25,67.63438463382943,-0.02393478673876359,-1.2714763544997396,67.6821935859305
1010,26.25,11.25,66.8926296644469,-0.012878081144179987,-1.289492116539705,66.93634205525751
1011,28.75,11.25,66.14871456579681,-0.006518977942903348,-1.29921377682075,66.19023774341032
1012,31.25,11.25,65.4032842383119,-0.0030816881874784485,-1.3041453132177878,65.44381969427398
1013,33.75,11.25,64.65690592286194,-0.001333799781889411,-1.3064810998310747,64.6971591590891
1014,36.25,11.25,63.90997939469702,-0.0005033511463352625,-1.3074945140682814,63.95034215200343
1015,38.75,11.25,63.162755863911684,-0.00014148474960506974,-1.3078785199379865,63.20343585264626
1016,41.25,11.25,62.41538117296665,-3.349991658296858e-06,-1.307987632259426,62.45648493948541
1017,43.75,11.25,61.667934637699204,3.6654265869628944e-05,-1.3079914031058593,61.70951649964379
1018,46.25,11.25,60.92045678933101,3.878700391624079e-05,-1.3079643631190834,60.96254591817687
1019,48.75,11.25,60.17296698352732,2.9646819939443958e-05,-1.3079353821118787,60.21558150973692
1020,51.25,11.25,59.425473711090945,1.960700441827612e-05,-1.3079131322285207,59.46862761924801
1021,53.75,11.25,58.67798024988315,1.1834555323275708e-05,-1.3078983808330804,58.721686507641884
1022,56.25,11.25,57.93048757652639,6.657693973011192e-06,-1.3078894614847627,57.97475941908731
1023,58.75,11.25,57.182995769924446,3.5173439414393215e-06,-1.3078844364716815,57.22784714794398
1024,61.25,11.25,56.43550463467204,1.743342693316663e-06,-1.307881778009346,56.480950321497026
1025,63.75,11.25,55.68801394669413,8.024108524296025e-07,-1.3078804583840338,55.73406953132709
1026,66.25,11.25,54.94052353008817,3.3405797239538515e-07,-1.3078798498681863,54.987205389180545
1027,68.75,11.25,54.193033266807674,1.1735232874343637e-07,-1.3078795958348906,54.24035854794148
1028,71.25,11.25,53.44554308486147,2.643372454258497e-08,-1.3078795061192636,53.49352970809272
1029,73.75,11.25,52.69805294340608,-5.985555162624223e-09,-1.3078794855308615,52.74671961920926
1030,76.25,11.25,51.95056282069004,-1.367106960969977e-08,-1.3078794897108423,51.9999290804853
1031,78.75,11.25,51.203072705836576,-1.2413750027917558e-08,-1.3078794998602348,51.25315894179863
1032,81.25,11.25,50.45558259378981,-8.936069662013324e-09,-1.3078795091554412,50.50641010565912
1033,83.75,11.25,49.70809248240744,-5.706681349693099e-09,-1.3078795158688763,49.75968353001581
1034,86.25,11.25,48.960602370919105,-3.356944944243878e-09,-1.3078795201669777,49.01298023182659
1035,88.75,11.25,48.21311225913041,-1.8465584616933484e-09,-1.3078795227020805,48.26630129125547
1036,91.25,11.25,47.46562214706273,-9.538894119032193e-10,-1.3078795240939485,47.51964785645661
1037,93.75,11.25,46.71813203479178,-4.579874257615302e-10,-1.3078795248180768,46.77302114890537
1038,96.25,11.25,45.97064192239236,-2.027604750765022e-10,-1.307879525165788,46.02642246930759
1039,98.75,11.25,45.223151809914725,-7.742073648842052e-11,-1.3078795253226758,45.27985320409475
1040,101.25,11.25,44.475661697395026,-2.3703705664956942e-11,-1.3078795253857152,44.533314832616654
1041,103.75,11.25,43.72817158485509,-8.469669410260394e-12,-1.3078795254041324,43.7868089350413
1042,106.25,11.25,42.980681472303786,1.0800249583553523e-12,-1.3078795254087936,43.04033720107851
1043,108.75,11.25,42.233191359746115,1.3642420526593924e-12,-1.3078795254041324,42.293901439661376
1044,111.25,11.25,41.48570124718776,1.4210854715202004e-12,-1.307879525397766,41.54750358962282
1045,113.75,11.25,40.73821113462873,1.0800249583553523e-12,-1.3078795253960038,40.801145731564866
1046,116.25,11.25,39.990721022071284,-3.410605131648481e-13,-1.307879525397766,40.054830101050385
1047,118.75,11.25,39.243230909516114,5.343281372915953e-12,-1.3078795253936164,39.30855910328211
1048,121.25,11.25,38.49574079695867,5.4569682106375694e-12,-1.3078795253874773,38.56233532950516
1049,123.75,11.25,37.74825068439918,1.8758328224066645e-12,-1.3078795253877615,37.8161615753233
1050,126.25,11.25,37.00076057184401,1.1368683772161603e-12,-1.3078795253907174,37.07004086123582
1051,128.75,11.25,36.253270459285204,6.821210263296962e-13,-1.3078795253849194,36.32397645568034
1052,131.25,11.25,35.50578034672617,3.637978807091713e-12,-1.3078795253956628,35.577971901004766
1053,133.75,11.25,34.75829023416418,6.252776074688882e-12,-1.307879525395606,34.83203104272018
1054,136.25,11.25,34.0108001216056,-4.547473508864641e-13,-1.3078795253960607,34.086158062631135
1055,138.75,11.25,33.26331000904247,-3.637978807091713e-12,-1.3078795253977091,33.340357516329206
1056,141.25,11.25,32.5158198964798,6.480149750132114e-12,-1.3078795254001534,32.59463437590585
1057,143.75,11.25,31.768329783922127,-1.8189894035458565e-12,-1.3078795254042461,31.848994078604843
1058,146.25,11.25,31.020839671360818,-4.320099833421409e-12,-1.307879525406861,31.10344258237893
1059,148.75,11.25,30.27334955880042,-3.410605131648481e-12,-1.3078795253985618,30.357986429740283
1060,151.25,11.25,29.525859446245477,-9.094947017729282e-13,-1.3078795253987892,29.61263282111778
1061,153.75,11.25,28.77836933369872,2.3646862246096134e-11,-1.3078795253769613,28.86738969953451
1062,156.25,11.25,28.030879221169926,6.264144758461043e-11,-1.3078795253170483,28.122265848759245
1063,158.75,11.25,27.283389108666597,1.454054654459469e-10,-1.3078795252105238,27.37727100732165
1064,161.25,11.25,26.535898996210108,3.3242031349800527e-10,-1.307879524961436,26.632416001626357
1065,163.75,11.25,25.788408883839338,6.676827979390509e-10,-1.307879524469513,25.88771290196268
1066,166.25,11.25,25.040918771588167,1.2413465810823254e-09,-1.3078795235320513,25.14317520597618
1067,168.75,11.25,24.293428659484107,2.1888126866542734e-09,-1.3078795219015547,24.39881805562922
1068,171.25,11.25,23.54593854750283,3.5786342778010294e-09,-1.3078795192127473,23.65465849486832
1069,173.75,11.25,22.798448435452883,5.314404916134663e-09,-1.307879515238028,22.910715777163787
1070,176.25,11.25,22.050958322674433,6.7591372499009594e-09,-1.3078795101874903,22.167011734529854
1071,178.75,11.25,21.30346820754039,5.886704457225278e-09,-1.3078795058474952,21.42357122306467
1072,181.25,11.25,20.555978086377763,-2.4401742848567665e-09,-1.307879507940811,20.680422663951468
1073,183.75,11.25,19.808487951578627,-2.9659531719516963e-08,-1.3078795307632163,19.937598704867003
1074,186.25,11.25,19.060997788361874,-9.936411515809596e-08,-1.3078796065118468,19.195137034606034
1075,188.75,11.25,18.313507569814647,-2.5715962692629546e-07,-1.3078798017676263,18.453081394357106
1076,191.25,11.25,17.56601725002156,-5.858281610926497e-07,-1.3078802456127505,17.711482843887328
1077,193.75,11.25,16.818526756734173,-1.2259944242032361e-06,-1.3078811728987603,16.97040136159643
1078,196.25,11.25,16.071035988911717,-2.3975585463631433e-06,-1.30788298377297,16.229907885933294
1079,198.75,11.25,15.323544833401229,-4.4053035708202515e-06,-1.3078863064863526,15.490086944179081
1080,201.25,11.25,14.576053234701249,-7.583251203868713e-06,-1.3078920172778226,14.75104006574969
1081,203.75,11.25,13.828561389801507,-1.2072550134689664e-05,-1.3079010905635187,14.01289023883892
1082,206.25,11.25,13.081070211859242,-1.7208899976139946e-05,-1.3079139834378566,13.275787734177323
1083,208.75,11.25,12.333582331177695,-2.007588113883685e-05,-1.3079289232823612,12.539917660533112
1084,211.25,11.25,11.586104104611422,-1.239778953276982e-05,-1.3079378430714996,11.805509568381328
1085,213.75,11.25,10.838649401933708,2.5671753974165767e-05,-1.307917621598449,11.072849142213549
1086,216.25,11.25,10.091246305132245,0.00013721081552375836,-1.3078125222416475,10.342291243314172
1087,218.75,11.25,9.34394814200914,0.0004091003493158496,-1.307501136798919,9.614271792687248
1088,221.25,11.25,8.596850000682934,0.0010058748579240273,-1.3067379267691877,8.889312437895548
1089,223.75,11.25,7.850109797032474,0.002220688963802786,-1.3050568410246797,8.168005642728813
1090,226.25,11.25,7.103966124276212,0.004542227962247125,-1.301626257082944,7.450958343227371
1091,228.75,11.25,6.3587268490719,0.00872051497776738,-1.2950602060367373,6.738662673523747
1092,231.25,11.25,5.614657746304147,0.015771863791201213,-1.283242933874476,6.031269685947397
1093,233.75,11.25,4.871600789409058,0.02676403636928626,-1.2633639664859402,5.328329231546659
1094,236.25,11.25,4.127935178633379,0.04191762088225914,-1.2327186634466898,4.628969498033477
1095,238.75,11.25,3.378169382739088,0.05786929925022832,-1.1917229918537942,3.9345261477441844
1096,241.25,11.25,2.608088885747293,0.058069698692406746,-1.153022796937762,3.2622742835146408
1097,243.75,11.25,1.7905875863120855,-0.015079125356351142,-1.1649062516771664,2.702674879548337
1098,246.25,11.25,0.9053368650365883,-0.3904651186683168,-1.3628497673130369,2.626343233343245
1099,248.75,11.25,0.1836001421443143,-1.7082793781714827,-1.8344638727734264,3.6553167967042857
1100,1.25,13.75,96.48818825862287,15.424707877504034,-10.36238227780575,91.55177151990594
1101,3.75,13.75,89.58458802875249,0.4685074884215119,-1.4705620723416306,89.38755237523407
1102,6.25,13.75,87.69600552527052,0.320871198372906,-0.2587183915724083,87.53715797675422
1103,8.75,13.75,86.94648688317125,-0.040059049277864744,-0.1259142010592349,86.96679678367816
1104,11.25,13.75,86.41467145703507,-0.04109685597232726,-0.2047343062721012,86.43595462360639
1105,13.75,13.75,85.82112612934202,-0.038537994250432916,-0.29764126147472325,85.84194965349032
1106,16.25,13.75,85.12739411586219,-0.02605630125377445,-0.3687332065647695,85.14282063360989
1107,18.75,13.75,84.34963325831302,-0.016419677599529336,-0.4157704509367903,84.36091802135083
1108,21.25,13.75,83.51413923113122,-0.009586465716637349,-0.4443938370894216,83.5224796476794
1109,23.75,13.75,82.64275837233018,-0.005285376704591727,-0.46072015862560534,82.64925363623166
1110,26.25,13.75,81.75064290333037,-0.002748120919449093,-0.4695029655116514,81.75606144143579
1111,28.75,13.75,80.84726649181184,-0.0013422790798642836,-0.4739551452202875,80.85210523562928
1112,31.25,13.75,79.93813373908077,-0.0006073687407024408,-0.476065196725699,79.9426900485234
1113,33.75,13.75,79.02624808441252,-0.0002466498169440001,-0.47698216942697513,79.03068969798649
1114,36.25,13.75,78.11315176446544,-8.245170980103467e-05,-0.4773307403753506,78.11756814606592
1115,38.75,13.75,77.19958596235506,-1.518885201789999e-05,-0.4774306249528877,77.20402233910676
1116,41.25,13.75,76.28587871813261,7.698031510017245e-06,-0.4774349107619571,76.29035677481554
1117,43.75,13.75,75.37215856287912,1.225340562882593e-05,-0.4774110146764201,75.37668821786424
1118,46.25,13.75,74.4584651795227,1.0466650849139114e-05,-0.4773851313985915,74.46305088599706
1119,48.75,13.75,73.54480309242268,7.330530820581771e-06,-0.4773651873178437,73.54944700911776
1120,51.25,13.75,72.63116572141723,4.599710734964901e-06,-0.4773519377206412,72.63586920101513
1121,53.75,13.75,71.71754499127837,2.669874277216877e-06,-0.4773439148791567,71.72230921922713
1122,56.25,13.75,70.80393443174876,1.451975208510703e-06,-0.47733938951228083,70.80876066482284
1123,58.75,13.75,69.89032965319734,7.419004077746649e-07,-0.4773369926558644,69.89521928568938
1124,61.25,13.75,68.97672795872336,3.5419628829913563e-07,-0.4773358014257951,68.98168252414837
1125,63.75,13.75,68.06312780890153,1.5529326446994673e-07,-0.47733525127733856,68.06814896401588
1126,66.25,13.75,67.14952837922056,5.988914608678897e-08,-0.4773350210984404,67.15461788810445
1127,68.75,13.75,66.2359292550027,1.7795457551983418e-08,-0.4773349394594675,66.24108897827925
1128,71.25,13.75,65.32233024194295,1.3910721463616937e-09,-0.47733492044136483,65.32756213135008
1129,73.75,13.75,64.40873125702637,-3.607738108257763e-09,-0.47733492395644816,64.41403735414433
1130,76.25,13.75,63.49513226965087,-4.116941454412881e-09,-0.47733493297386076,63.50051470749332
1131,78.75,13.75,62.58153327175614,-3.2294451557390857e-09,-0.4773349412872676,62.586994278240795
1132,81.25,13.75,61.667934263703046,-2.1651089809893165e-09,-0.47733494731102155,61.673476166352835
1133,83.75,13.75,60.75433524814298,-1.3163230505597312e-09,-0.47733495117313396,60.75996047966584
1134,86.25,13.75,59.84073622771575,-7.475478014384862e-10,-0.47733495345187293,59.84644733226148
1135,88.75,13.75,58.92713720438974,-4.021671884402167e-10,-0.4773349547108978,58.9329368443966
1136,91.25,13.75,58.01353817945687,-1.9906565285054967e-10,-0.4773349553594244,58.019429143086825
1137,93.75,13.75,57.0999391536825,-9.310952009400353e-11,-0.4773349556773496,57.105924362882824
1138,96.25,13.75,56.186340127497715,-4.0813574742060155e-11,-0.4773349558182076,56.192422646699356
1139,98.75,13.75,55.27274110112717,-1.5120349416974932e-11,-0.47733495587391417,55.27892414667063
1140,101.25,13.75,54.359142074681586,-1.9326762412674725e-12,-0.47733495589392305,54.36542902503279
1141,103.75,13.75,53.44554304821054,-7.958078640513122e-13,-0.4773349558972768,53.45193745504959
1142,106.25,13.75,52.53194402173722,6.821210263296962e-13,-0.47733495589170616,52.53844962199822
1143,108.75,13.75,51.61834499526094,-1.5916157281026244e-12,-0.4773349558938662,51.62496572425223
1144,111.25,13.75,50.70474596879444,-4.547473508864641e-13,-0.4773349558826112,50.71148597448433
1145,113.75,13.75,49.7911469423309,1.5916157281026244e-12,-0.47733495588659025,49.79801060095716
1146,116.25,13.75,48.877547915868035,7.958078640513122e-13,-0.47733495588579444,48.884539848997946
1147,118.75,13.75,47.963948889404264,1.1368683772161603e-12,-0.4773349558842028,47.97107398261641
1148,121.25,13.75,47.05034986294481,2.7284841053187847e-12,-0.4773349558792006,47.05761328632908
1149,123.75,13.75,46.136750836486954,3.069544618483633e-12,-0.4773349558817017,46.144158067173116
1150,126.25,13.75,45.223151810030686,2.0463630789890885e-12,-0.4773349558845439,45.230708656987865
1151,128.75,13.75,44.309552783573054,4.206412995699793e-12,-0.47733495587692687,44.31726541496402
1152,131.25,13.75,43.39595375711542,7.503331289626658e-12,-0.4773349558863629,43.40382873053606
1153,133.75,13.75,42.482354730648694,5.343281372915953e-12,-0.47733495588397545,42.49039902661269
1154,136.25,13.75,41.568755704186515,-6.821210263296962e-13,-0.4773349558871587,41.57697676328454
1155,138.75,13.75,40.65515667772388,7.958078640513122e-12,-0.47733495587954167,40.66356244194877
1156,141.25,13.75,39.74155765125715,8.753886504564434e-12,-0.47733495588727237,39.750156610108895
1157,143.75,13.75,38.82795862478633,1.8189894035458565e-12,-0.4773349558920472,38.83675986676023
1158,146.25,13.75,37.91435959831733,1.9326762412674725e-12,-0.4773349558895461,37.923372868598946
1159,148.75,13.75,37.0007605718456,0.0,-0.4773349558894324,37.00999633714365
1160,151.25,13.75,36.087161545372965,4.092726157978177e-12,-0.4773349558889777,36.09663106692975
1161,153.75,13.75,35.1735625189076,5.343281372915953e-12,-0.47733495588579444,35.18327793500266
1162,156.25,13.75,34.259963492475435,1.3415046851150692e-11,-0.4773349558629434,34.269937911901096
1163,158.75,13.75,33.346364466097384,3.387867764104158e-11,-0.4773349558239488,33.35661207444225
1164,161.25,13.75,32.43276543985303,7.150902092689648e-11,-0.47733495571651474,32.44330162073602
1165,163.75,13.75,31.51916641390244,1.4790657587582245e-10,-0.4773349554950528,31.530007887753946
1166,166.25,13.75,30.60556738851983,2.758042683126405e-10,-0.47733495504360235,30.61673237206588
1167,168.75,13.75,29.691968364209515,4.969251676811837e-10,-0.47733495420925465,29.703476754447344
1168,171.25,13.75,28.77836934176912,8.431015885435045e-10,-0.4773349527353048,28.79024292913004
1169,173.75,13.75,27.86477032234461,1.315470399276819e-09,-0.47733495033094187,27.877033038771973
1170,176.25,13.75,26.95117130733024,1.8544596969150007e-09,-0.4773349467531034,26.96384951636647
1171,178.75,13.75,26.037572297751467,2.086153472191654e-09,-0.47733494223700745,26.050695135592015
1172,181.25,13.75,25.12397329232772,1.0319354259991087e-09,-0.47733493844282293,25.13757307096381
1173,183.75,13.75,24.210374282896737,-3.5637413020594977e-09,-0.4773349404929377,24.224486969603163
1174,186.25,13.75,23.296775244253695,-1.6659100765537005e-08,-0.47733496136424947,23.311441035796072
1175,188.75,13.75,22.383176113383797,-4.807338882528711e-08,-0.47733503010977074,22.398440128537963
1176,191.25,13.75,21.46957674971509,-1.1628139873209875e-07,-0.4773352068260692,21.485489871246738
1177,193.75,13.75,20.555976863749947,-2.5381609702890273e-07,-0.4773356077596418,20.572596770650193
1178,196.25,13.75,19.642375897167312,-5.139692120792461e-07,-0.47733644432526035,19.659768341067483
1179,198.75,13.75,18.72877283818525,-9.761432693267125e-07,-0.47733807611155044,18.74701323472701
1180,201.25,13.75,17.81516597229802,-1.741297865009983e-06,-0.47734106677910404,17.834341398665106
1181,203.75,13.75,16.901552625596196,-2.897149215641548e-06,-0.4773462002923452,16.921764337885296
1182,206.25,13.75,15.987929109827292,-4.406757739161549e-06,-0.47735434286812506,16.009295711610108
1183,208.75,13.75,15.07429142722367,-5.826415872434154e-06,-0.47736588357429355,15.096952819108756
1184,211.25,13.75,14.160638031068629,-5.671005510521354e-06,-0.47737918352754605,14.184760216747831
1185,213.75,13.75,13.24697739077601,-9.81289076662506e-08,-0.47738690377161674,13.272758042672223
1186,216.25,13.75,12.33334580108476,1.9645114207378356e-05,-0.4773681032880859,12.361020074316068
1187,218.75,13.75,11.419845550372884,7.188348024556035e-05,-0.47727241285599575,11.449690754318071
1188,221.25,13.75,10.506721114351876,0.0001925042142829625,-0.47699024971666404,10.539057126645954
1189,223.75,13.75,9.594502098629164,0.00044769128101052047,-0.47630005284497656,9.62968122873816
1190,226.25,13.75,8.684255457878862,0.0009524215544161052,-0.47478073681281785,8.722629932358076
1191,228.75,13.75,7.778001157140807,0.0018934659076421667,-0.47167754204656376,7.819847653035799
1192,231.25,13.75,6.879339962759786,0.003550664099179812,-0.46571841152615434,6.924708341981694
1193,233.75,13.75,5.994279276933867,0.006288789277846263,-0.4549108251399048,6.042727729758522
1194,236.25,13.75,5.132026546448742,0.010478603076194304,-0.4364458359912078,5.182227774681705
1195,238.75,13.75,4.304845994488915,0.01594747395995455,-0.40714684095121356,4.354377979583753
1196,241.25,13.75,3.52420104804969,0.020841033703504763,-0.3660431229322967,3.57056607367489
1197,243.75,13.75,2.78356539759352,0.008672401381204509,-0.32647210546383576,2.836181137333244
1198,246.25,13.75,2.000664152030822,-0.07289200737068313,-0.37270287180786,2.137878624252861
1199,248.75,13.75,0.8231002088245987,-0.7916580109953202,-0.9986909018044798,2.2244057153202097
